rainfall_mm,temperature_c,wind_kmh,aqi,historical_risk,risk_score
77.39560485559633,44.87663423609358,45.54763784417377,436.82936599094563,0.5144525563197545,0.8613884674732439
43.88784397520523,37.82287960853563,11.885798957022997,123.02849024341272,0.3829071372028646,0.5403761151742597
85.85979199113825,27.345642415811476,56.917342673877634,244.48203714999138,0.1600446643104162,0.6456267911005209
69.73680290593639,42.37025001980899,15.642882803336523,14.858606678216645,0.892777588828719,0.5399574316597601
9.417734788764953,22.53442687031216,6.095833389785598,4.440096633224422,0.23981898138003876,0.15747148162342026
97.5622351636756,43.23253503346349,49.86678334288609,352.72661046973224,0.30424677998083505,0.7531475324954198
76.1139701990353,37.69955666729041,65.5373450046628,59.14681123280035,0.2887326099956942,0.5873200050792226
78.60643052769538,23.322509551892047,85.4147306406393,273.9041185554088,0.8263531253485625,0.7575360404458364
12.811363267554587,22.385166892771107,78.28355539543035,348.00374110500996,0.7109507141788244,0.4946375201516527
45.038593789556714,42.52509000309388,85.72405127565482,16.11729311481963,0.46586383955146926,0.645864939579121
37.07980242325812,28.788077195115115,76.00687708208905,224.370699572841,0.8643384271614873,0.6454196085678056
92.67649888486018,46.6790555230164,70.32393969061394,342.07596849291986,0.1422267046291534,0.8671980424277457
64.38651200806646,42.86219063090528,1.0137569140699632,444.865493927425,0.8149363049773217,0.7137530444187826
82.276161327083,40.94570734153148,62.61023118092105,149.61505030082822,0.14834186855052733,0.6560255861123452
44.34141988273311,28.358181579003528,12.04818041391177,487.1082648421651,0.41290455674765103,0.5511846837347605
22.723872178477688,41.26833557064854,5.8667132332541065,422.2707498298487,0.14320390270119177,0.4619932428011377
55.45847870158348,48.44443053544502,15.64121521056554,325.31753604092717,0.8991751934061483,0.8449410049203367
6.381725610417533,22.746795031117067,82.32921614417502,195.9627536230656,0.8315116020004814,0.46379420041782515
82.7631171992582,29.784879260106983,74.38493931000214,355.5551880997493,0.567839164196985,0.7384740221918903
63.166439912206485,27.040167963847825,94.87724052052123,408.0966345351767,0.2742756591985964,0.6636596161839402
75.80877400853738,31.79750403202,97.89762586504105,151.64993744327865,0.3214221801579754,0.6750949224309403
35.45259681298683,42.26997964561839,89.32839863739821,496.41503245351464,0.45963469284569625,0.7545424901378366
97.06980243949033,34.2272774427616,13.292605097699916,454.3096848773195,0.35822414599387664,0.6068157361209734
89.31211213221977,37.12191818360739,87.83827409249804,242.75072017146132,0.11705112434795258,0.6887147073247019
77.83834970737618,29.424646642350268,83.86371347886453,361.4149578876976,0.6250048064937077,0.7340927109676642
19.463870785196757,24.238678012613015,87.10858598596974,262.0044473093909,0.590742323274641,0.57813240227603
46.67210037270342,28.008009468131856,15.168561711649142,380.46527609851313,0.8234485625750726,0.6390459587355743
4.380376578722878,45.79040903725961,11.679182777331754,413.4911019389907,0.4814832320843604,0.3924490131593438
15.428949206754783,38.07250886460231,92.38088795840817,11.611277578521262,0.37576716943871025,0.35411919897009014
68.30489532424546,31.339660195917013,17.38266491345045,39.56601485032463,0.5092137463342136,0.4960763656407359
74.47621559078172,43.69717945206763,36.86217310426012,168.2337079383635,0.2557559927166717,0.6775034118792372
96.750973243421,21.933722973647264,45.59848494940603,458.8068163161748,0.6004322814598291,0.6684925832602598
32.58253581381519,27.61673263767157,12.444252782956443,199.13679157169483,0.7160263062321293,0.4260389877550194
37.045970603486886,26.90309462172018,2.063428803254741,443.75610760096214,0.22276937070055372,0.45794809246898915
46.95558112758079,49.56093686504666,99.40904697671161,231.21695631587647,0.35470657410826334,0.9080999276265068
18.94713590842857,41.18295747178281,87.6657244834961,144.42646015578669,0.794240783493119,0.5386278477788357
12.992150533547164,38.53357809165662,91.23379293506373,450.3225915312476,0.5044253989070575,0.4881402357405986
47.57049262259338,20.14954895883419,28.45630692721185,280.33538445933874,0.5254693173420374,0.6373102296624394
22.69093490508841,25.52930006269572,22.010157274543907,180.24214751502066,0.6779265576426813,0.3922907802335438
66.98139946825104,39.06623878919235,42.58665581754266,22.2035018139084,0.5623142521770612,0.5416333926009356
43.715191887233075,31.391579794449974,45.33193689780069,55.46656622411194,0.15566381445905533,0.4129356144733236
83.26781960578374,47.72841151037183,0.5599438864240636,69.65516382076525,0.7431693694904287,0.6095989140950362
70.0265102002249,42.94172657425274,77.92531125598329,182.41814520530315,0.8382688297987743,0.8400376405090748
31.236664138204105,33.4215221841236,99.66670381420172,303.666477872172,0.14262178639264977,0.5903442132808466
83.2259801395201,42.485449326148114,52.869087010208936,153.79505721096493,0.1969998051660408,0.6855248577565508
80.47643574968019,49.262129714786646,38.82586950124512,32.7638168824001,0.6615801617659843,0.7083035598975919
38.74783790301745,33.82942474104412,39.275189322120326,132.4043686586669,0.5835791460116204,0.5013340001543923
28.83281039302441,39.275776636656005,9.607713217210067,204.3408254498051,0.40601359917739666,0.4396312271702823
68.24955039749754,47.55993845183885,26.616181836401175,496.13496433616456,0.5313989191522971,0.8143361982485766
13.97524836093098,27.4602398610852,50.21327886346312,196.49345237546933,0.662670854400847,0.4241867109153257
19.990820247510833,46.59673740998835,43.184800113469734,44.59770937372198,0.5035811695047435,0.4980580356460387
0.7362269751005512,22.92634120318948,54.503474574311014,290.5574072369667,0.2121506597085194,0.28560484814857423
78.69243775021384,39.45344511762939,84.90656486374067,459.82003631314484,0.17154882330663215,0.7702863855724884
66.48508565920321,43.48514465167353,22.524230269961198,393.34784943087504,0.45108698815070536,0.7756554533633715
70.51653786263351,38.43818657757278,2.7664180906311953,418.1091545936183,0.838307806279067,0.7413226942152825
78.07290310219679,34.86604412457629,3.8225445282740744,464.11589805116523,0.546223339766795,0.6652483924071159
45.891577553834,38.52041299777058,13.416880530685837,318.271751692769,0.3865760552142793,0.6081214049151813
56.87411959528937,24.549911263383336,57.04829848044025,497.46136532674933,0.8269649356168284,0.7779134367586831
13.979699812765745,26.467121309906553,80.81848100379247,16.640784939825405,0.4109057249431505,0.30180141687343603
11.453007353597345,28.096980318690257,88.68059392806316,417.4198380717811,0.5073171847475002,0.5122352691162035
66.84029617904716,37.93338021890114,63.51132019749712,428.5053347611308,0.19319946450297698,0.7511637684972585
47.10962061431325,33.257032212352115,40.31432524508934,458.3501953809825,0.689920756415505,0.6364298584993429
56.52361064811888,27.334275274575184,15.451470815614742,239.08472881792454,0.6602423657149725,0.6208847822615399
76.49988574160255,46.484279964337404,40.1418339443479,393.8779618103,0.7353951942874632,0.8821000886673094
63.47183200005908,31.2176552087967,33.24151339077835,97.5401995605899,0.3601530507422107,0.5127652847381554
55.35794006579958,33.380951576896734,87.00258808571377,301.5651125891072,0.44884257525295357,0.7374947647060967
55.92071607454135,32.29103229646984,48.671937741060724,179.3225761817307,0.2346733692217587,0.5371256869546259
30.39500980626122,25.45828865830258,22.619589995452884,298.0868253309877,0.8716039008771995,0.5615702656902092
3.0817834567939406,41.948810462907005,28.88010668157799,337.78025357915016,0.16886187792630614,0.3915221292246577
43.671738923236234,33.45374786806574,13.6470164542689,173.53433337308942,0.6192106429398458,0.4812354307491495
21.45846728195292,20.487713296781553,91.85854490691312,108.11914965143599,0.6642059156521489,0.4289340957335507
40.852864372463614,48.92041107079391,5.034584623646854,160.84395442966738,0.22618917892078372,0.6154986960395251
85.34030732681661,44.472908347862415,1.2846248555894224,331.97862255372127,0.3922585646643919,0.7011808990372548
23.393948586534073,41.706780622754096,18.298893352686875,338.43711683640527,0.13450125340998664,0.5010222459450431
5.830274168906602,46.07275611555587,81.08740179106258,370.6584680120494,0.5452866060693128,0.5404793485805856
28.138389202199654,47.20421760816651,52.34667866310813,63.26830428635299,0.8959505142588994,0.6300982202066294
29.35937577666836,30.12469119153316,62.584328737698634,409.2586951272308,0.44390796545772715,0.5677293219146247
66.1916514726895,38.32876035250096,35.77316754157348,344.07390077047774,0.8920065762983492,0.7176782129422553
55.70321523412783,38.26423427616783,6.8677985549170035,15.25253834531959,0.20098033904717003,0.3628753733226733
78.38982091064135,28.01899006431791,85.61581624921682,167.79892471752538,0.41396347461423655,0.6841363455041091
66.43135403273875,26.658567543412016,19.189427212540743,233.35562795323855,0.8215719760387775,0.6404505388445932
40.63868614400705,23.417217644570663,3.3059200545114686,180.3087451934074,0.8013563853259777,0.4973314431758659
81.40203846660347,39.77942587749358,57.27041359331937,58.708444104206556,0.3588732622958274,0.6220434328577135
16.697291990770392,43.427569730923395,8.328922038460107,103.67314225250351,0.6428884670146653,0.40409659592852093
2.2712073133860478,42.828589385510114,9.576185185983421,12.280697455066269,0.8089281372462326,0.23314807768716286
9.004786077564175,29.48826131554923,80.03770314825252,46.53858067628141,0.7135019729225822,0.30778299376832724
72.23593505964503,26.157795513956067,49.16095893179955,133.15005886227237,0.602780957546334,0.5787073517014814
46.18772302513874,33.60842535363866,24.150845224714303,409.9851328178653,0.22206049164801805,0.6034312058542682
16.127177903360177,36.40440380721532,34.862642335951875,263.31875496860016,0.15840215405645078,0.43028007709739424
50.10447751033635,47.57261383905667,72.92409788431715,212.248945345553,0.5916977438532488,0.851949510863398
15.231210271316842,46.24469462822162,6.635414475660184,331.0814719792745,0.5002205325512865,0.5633055111833327
69.6320375077736,47.48174993905483,11.64806159332099,270.75528016250263,0.2904293277851875,0.7590044750986341
44.61562755740307,45.50787155407939,61.62620349905696,65.75696337781312,0.3342158359672197,0.6566437667543756
38.10212260964825,48.937436133089335,60.69717344671073,111.31168191209478,0.41366974176112803,0.7540825863918733
30.151208914787652,33.96499991507172,97.24621845353718,111.26118049530382,0.49641668169800457,0.5344545973900696
63.028259311888846,21.424204922992832,37.45494812554496,299.9762563061711,0.41220717527073003,0.7117911934648969
36.18126105533904,22.506860964454347,6.507762717751586,230.81218309467323,0.4098333376687733,0.43640059522881125
8.7649919316101,31.708284253170294,53.75374348496279,193.79253128042683,0.19258624904908236,0.3763623333787908
11.800590212051532,27.73061273818992,63.83468117617903,278.319586440894,0.7924723346042746,0.46462127928712116
96.18976645495145,25.09821774083202,13.960278578624907,485.0578928912786,0.5873232654224755,0.628083113484564
90.8580690707607,48.59611323525946,55.286197353519675,157.09672802793838,0.2168817476816095,0.6965850042256982
69.97071338107496,25.862587652318673,19.77671216582646,260.09771681675863,0.4390995223023486,0.6141784901556133
26.586996145951957,48.78137816945693,84.47300578810683,240.18500782205783,0.4333727296236364,0.690820674715079
96.91763773477238,42.82516520963621,83.51614957838297,358.32151587292236,0.5804967027912982,0.8746328212640222
77.87509039657947,39.22837016375671,42.96290959984418,365.145133991458,0.5870956942794653,0.710796339780613
71.68901891589957,40.28056880268135,96.6743190512804,364.53536070652024,0.6161777095838099,0.8859563501279765
44.93615021437887,29.94422970977372,97.97738744497416,100.7597899693724,0.658322445875046,0.6141057082873734
27.224156184515902,39.39281114174847,12.92510889476195,224.54656818059388,0.18268323690321317,0.5097366707758074
9.63909621534993,25.60076354843796,36.771380483246766,405.58734551456877,0.34393776045824964,0.3401230670145868
90.26023965438416,48.13116297607938,60.03214700466446,190.7650852703219,0.11387825533813789,0.8226823750367386
45.57762898336111,29.053800198817804,8.483780958144438,492.12755864496444,0.4637132096643064,0.5272404406354944
20.236336479523032,27.655595368806267,38.2655503814137,182.39337089609958,0.4435440622642298,0.38559451343986345
30.59566241506525,41.33488394582473,26.117208401659077,248.8334136709841,0.687461544143583,0.5632909251996531
57.9219568941896,39.69346154198546,95.2050220966704,237.26279740127342,0.23369355728628893,0.7306853451651065
17.67727829392317,33.53896755029916,41.15858228314705,216.83190123462126,0.6051955657004087,0.3904925546942198
85.66142840923754,38.973387040723594,76.26708585475124,422.8156841598108,0.3453553583441218,0.7530733301278454
75.85195298352102,24.784792152825684,38.67053635121738,77.63761877400677,0.4055331798477594,0.4770283369597922
71.94629559509367,40.19984922205865,13.181207041883546,283.8323532069915,0.6754294898971633,0.6875377997507469
43.20930397751037,28.118320855855817,86.31515301608475,309.3007886777118,0.15723843885886027,0.6716698236470647
62.73088407024432,28.18507930029372,0.04169169031038589,425.6106540346854,0.37422631114493,0.6224116337326054
58.40979689127356,24.865398048313537,5.594087397445002,304.6000799630542,0.41305858411172147,0.6106552841800131
64.984660155482,29.97131405108494,36.43844058970432,480.01017389389034,0.672599449481335,0.7205782270926606
8.44443211398891,29.937531809339845,68.68982555187365,436.0838561304645,0.2593795320565605,0.3694970947546285
41.58074021706096,33.62537035106808,34.17042952907757,174.36997417636573,0.8579303949523704,0.5441853436613325
4.161417386189248,25.712585139990484,6.631281762097496,429.95322264541727,0.8982095622353266,0.35271467880488294
49.39908192445189,25.79022608476299,31.784003373414883,479.23890704672783,0.7551281126560443,0.6911971137356614
32.98612123327853,36.25215714989685,24.498085899016232,128.59859046229317,0.3397700011708225,0.3874063286777322
14.45241888660469,23.866322140114256,0.5419799818197957,305.10440333220424,0.6310933232582837,0.3933145437629504
10.340296772255165,40.66691023966506,53.480191318040184,140.90195617106775,0.16651842535834643,0.3428645238472843
58.7644572177712,48.3184137758779,11.664591474418607,324.78363954110876,0.7970234525652086,0.8058313977742828
17.05929685368861,32.803868649931346,28.74962887966661,46.82140227351095,0.512794297008219,0.27042276282326194
92.51201183767972,47.033159394520304,64.11898302224145,367.09401093452874,0.2411513330558286,0.8549654326925834
58.106113970039495,22.949497733775935,72.51156888229772,209.9099142976714,0.3619332476493621,0.6464050892335004
34.686980453483706,21.288728821269338,26.345562685602253,293.6535893382184,0.7405941955903799,0.5453292165703273
59.091549148141674,41.641066325415196,32.9193671065234,12.93120126174907,0.7961814139416371,0.556416402571396
2.28038710296975,42.830647189444896,24.690923812746522,347.72072760516414,0.5157707095475388,0.4063714446352745
95.85592132414453,45.29174722897254,95.6888600316192,247.9956770676217,0.48424920024853857,0.883978950854192
48.23034369429002,21.70453035199944,19.051972698740283,312.625503843921,0.7005877972426074,0.6507301482840739
78.27352272502863,43.307211648704914,18.31806036336763,157.83398618808704,0.760951698014844,0.7051848348475759
8.272999992243857,31.296161983897456,44.5035295831532,72.9100867107072,0.7118774499166565,0.27663164350983077
48.66583308381603,29.100128980465957,18.930635920056915,217.71447099807102,0.4075424401873662,0.5436856124117817
49.07069943545209,25.190717640298907,15.670845628560814,471.9895606431817,0.6135406092874555,0.5847575542869344
93.78264549749828,49.88047265307581,9.587953770108548,113.89701332690267,0.7858879266167421,0.6930982192984598
57.17280523760754,21.909907679565908,64.01712481082494,337.91950601762585,0.22140850723793568,0.6720358854111648
47.348940105695384,44.81024043823999,61.208225490189605,24.921772017270694,0.4105093480919705,0.6122191727558008
26.69756630918936,39.184833064715825,65.01628918779663,359.0498926334642,0.14529510710021176,0.6085463891034679
33.15689973425522,42.052413327856016,77.33000080093963,119.21859340074653,0.42710182854991996,0.6224311264739426
52.06724024715378,41.35151359765389,32.63580127925758,225.75853011466623,0.7178256671349191,0.7845236180322286
43.89114603050467,45.75303455219547,91.84237336119216,183.87655029738704,0.25762275474047,0.7260468234460058
2.1612079880330426,25.513762095683248,73.3204611068756,56.420171658677745,0.533509720899507,0.291492189535958
82.62919241943578,20.02473850504056,80.47085885811869,172.79097625588784,0.12926858673746172,0.675858859014262
89.61607718397667,37.955854671297985,72.09621638267112,175.06247914659278,0.8181199925853265,0.7161442072832434
14.024908899861078,30.61575917970002,35.84556454325618,261.0528195148758,0.7560037559203611,0.42922704632779324
55.40361435390494,23.71361993351413,28.303248806263493,486.1757664699937,0.5195273534296527,0.6922433243289455
10.857574113544356,25.584162623127167,42.25170695790141,235.00876125531516,0.6646295967775598,0.37659269784230726
67.22400930398116,29.952479373776686,9.703036053335845,457.2130778163169,0.18313293189508714,0.5824147324730742
28.123378383900832,22.107001126601098,45.12805015659471,230.7788292812777,0.7761675971178964,0.4941279326633721
65.94226346919018,21.707396063853526,4.314098309523984,53.77165043746973,0.6722092248574171,0.3903564682145214
72.69946142868827,47.480787644973326,0.3945960027194495,115.07644763797009,0.19597391738006442,0.6155795414293842
76.8647491917657,29.363082480610885,93.14989394746928,203.7588380288001,0.8845514280950221,0.7029982883384328
10.774094595589656,49.46692092420755,68.93368605878929,162.68438648509238,0.11802435536515735,0.48555983700353067
91.60118451376078,48.93101024991199,56.18469470659689,432.91464376624583,0.6028086900742189,0.9140397244187803
23.02139908948808,24.277138469813416,34.11020394230578,339.32280109827565,0.2374039973926534,0.4053074585328723
3.741255617617978,41.44772908688573,57.053801468507416,289.1542259593367,0.6754061193756293,0.5036268808841262
55.48524693914834,38.024146673812076,89.15757763383317,245.61477561834528,0.15632500317502318,0.7342056191717091
37.092228386243875,40.71941219315461,65.23801339438646,198.63530914453344,0.16488070627449292,0.5951315167664638
82.97897431324131,22.885730000434243,60.24819979535042,306.0962199160057,0.4730333924505058,0.7083694062759989
80.82514720643019,25.65680235903674,46.020450297167805,62.3035827221905,0.8952075723215304,0.531638190529509
31.713889282271534,22.299159843526446,34.5697030650858,81.26659410845282,0.32121299181652097,0.3956246049111851
95.28993950697449,38.12402615651213,69.85471139217118,151.55817669834997,0.5900225286052181,0.6882932305047759
29.091783814011862,49.59773227547274,98.09809410158142,85.59230823053721,0.5148792594993884,0.6646838804457028
51.50571292317145,40.15953612973824,42.47576935205901,338.54935951240833,0.77369568772035,0.7908621627605162
25.596509056760276,41.32284605065789,39.220520401420075,12.38416070312265,0.33087168616412815,0.35908946649383255
93.60435700489633,49.537551246298435,42.81134723650425,80.08874583337506,0.543955504569189,0.6863215921172988
16.460781758201815,40.340346625153884,42.55439680497215,451.30405474940164,0.8604988120841447,0.5809890204412473
4.491061939232899,21.20544717885411,99.06247733684951,498.77157411104344,0.3660686466688461,0.43870585064988715
43.509706000303794,46.01016802569793,70.67782575093406,243.79523891404654,0.4515244650481448,0.7755129473104845
99.2375564055837,30.94034871136389,35.91844492105917,247.68503651087914,0.8110506516029371,0.6758488130351002
89.1677266254914,20.130908645441462,37.15023738267226,386.6993811187191,0.36599908578756624,0.6939958068328055
74.86080194569492,35.21702532682462,43.079692474405576,18.094788810287532,0.4045390117070524,0.5203462122172537
89.07924908785249,48.11045002628791,3.6712187580449696,213.51074095048907,0.34329504710215863,0.6914227691060885
89.34466396978632,27.719920615849496,52.781640202125004,49.91394090747991,0.7476251002600584,0.5123412146469493
51.885836038644904,34.745395191585196,81.13809515227646,200.46319132824297,0.8443095763502239,0.6785566309992818
31.5929051830793,25.213306633471724,66.05677932075106,491.9109205644374,0.6048791045335246,0.5961429275726624
77.2012432110988,21.7307801499932,19.84208467615416,376.81664040168056,0.5989041050077221,0.6909638332671759
66.16612631677611,22.416348401393396,72.803424137837,492.522937842609,0.41200289577054006,0.7058533474712573
37.36577288737101,41.810327178840666,71.94586063320303,373.02431283530086,0.10998699965719734,0.680372125658834
9.446666806151526,45.92223412226447,26.253921564899706,304.0550359032942,0.23915007905885866,0.46639023383644357
74.6789611349026,24.298965177574733,62.28746568569351,377.1104164636217,0.2179506836721876,0.6726321426392341
26.246051592286467,28.64955703431406,61.094903312193615,329.5458364854924,0.1927056022504294,0.5172090597588124
93.68131505337793,25.85088402934482,83.97876238561815,232.0330149509542,0.6232378528427163,0.6786109566816885
24.097057500568475,20.805673307792837,13.607231183344126,146.27316700260502,0.2090791618990381,0.3451471205208652
12.275793241148602,36.60294109660951,19.483850451152275,260.08902966717744,0.16850716202937538,0.3297340905461773
83.11126721249062,40.997665104129425,48.596950376780526,129.24673695071525,0.4060652052494865,0.722233199078708
15.328431662449404,39.43632442655212,4.414514889230703,243.33817322107265,0.2992181303743189,0.3316673613034616
17.926830815773908,31.64160641906743,41.559419760170655,73.06770296054299,0.2166884365087058,0.32148835854005053
59.93827915208435,36.650307378197155,78.82190419997232,282.69754948502043,0.2169023004468544,0.7716907937252038
87.45620408374644,22.82297919908674,14.871439398399822,122.64184540605238,0.30496456542621264,0.47779111541995306
19.643466571457324,24.62911156168053,45.99487369365248,146.80405197078483,0.5294798107008332,0.3627101848210501
31.03236729000948,47.9538385865895,98.97692333824446,249.5140708911942,0.7064764800730011,0.7492958463021256
77.74048382411776,42.84523243459691,50.592001342486434,81.26312651079037,0.7822213146017115,0.6545660080219656
97.18264260609673,47.68217287475502,49.83238241220905,481.18994181795955,0.7011342797910801,0.8826266048388213
50.07411862023423,47.50040853498102,55.87935837241681,223.47215769643807,0.6025706077633366,0.8313052895160451
14.389750255125078,39.48177851323222,18.60043703327412,176.13961481337554,0.8260996620155866,0.34732683613526827
1.3936287708201545,47.84715944336496,14.716388268594427,14.598302546290466,0.5157894421874005,0.33876039426026466
22.965602999885526,32.5011230924739,67.73546291151085,421.62718155611645,0.6066854726829531,0.540646255511685
13.182221778652103,20.108487343548227,39.57668099057702,312.9169576531922,0.42929644026549474,0.41137984165096175
67.76586736128574,21.87713347538478,28.990662821547573,208.20257742064862,0.36190736070459684,0.5605628241388905
12.183250462853113,23.284619771024456,3.1391619919897584,122.76639966923786,0.3653694235690027,0.2015396046052564
50.6329931620633,22.860603595485806,84.60504971784825,372.5687093376926,0.21865382536983421,0.7111290391996572
69.42624356428865,30.551071725507903,3.2328865844832744,472.7372878708336,0.7372781205390811,0.6297015616250564
58.11166092209024,41.038124213280724,74.99831240833194,190.4048528260101,0.14429446746683505,0.7120584765938787
19.97756516600576,43.71946419801485,38.198855899858096,67.43803418961564,0.639748195011616,0.4608048330316097
80.41245261822627,37.70639823033874,59.86878105046502,54.59737363636869,0.7915681542696287,0.6207109368383105
71.54071296158017,24.393085236709386,24.767800069016232,3.180986166942956,0.4979426775882938,0.4694830409448485
73.89840039155418,42.43704806444526,15.539966623207313,371.97772038586095,0.15616062547324017,0.6936198161709449
13.105775155731326,30.64405757412797,53.33880008349474,490.6976929508353,0.4427339693095127,0.44296164983079994
12.375380365034461,20.389800460153886,69.56176949541437,496.4088763767841,0.37458128230587995,0.44727493810923297
92.75625510065076,28.417658615982482,19.549329494514655,392.09862717146274,0.8884314554395446,0.7055914903762988
39.75781938249406,29.918016624229338,43.63589474325642,81.09188914802179,0.6530121612951555,0.48916318676807213
30.094869178093976,28.227366056543087,44.46549702913957,488.85472795656074,0.6770878438631359,0.5570034299272211
48.85840453515333,44.35610459562757,21.59791490794628,163.90672150097546,0.5126615351697849,0.6621529806212627
66.28642127635824,42.79779192782271,56.504944625213106,166.80980474627182,0.6675314035536772,0.734599826825383
95.56232570469699,40.86656091237924,14.593568678170065,343.6684764462195,0.6780567813777345,0.7243027492847098
28.6446226882055,24.17015235536796,50.974917331858,24.52459353722569,0.1530871045968839,0.3260579352626102
92.48084293120272,44.235017291188456,11.34315113659995,412.88486495377964,0.2780852195818163,0.7054452445654784
2.4859491386256316,40.31527884989971,48.55424088551374,498.648638243872,0.11037404434310885,0.4132956513884059
55.51980423268247,25.845130594441756,31.159905487555683,387.5348890449587,0.5078459247428575,0.6840516950398978
63.39751116810851,39.44281790844549,45.2246292081535,390.83824560366656,0.8006398838688212,0.8276134454017988
10.58974037507533,34.50534923011043,43.374935944317414,195.15683528327548,0.5876436277562628,0.32621621583292293
14.033959706391263,33.18050185568675,90.79331228185929,32.96069450782846,0.5001660222461676,0.3402212782624711
41.91143193163038,23.363694904171666,48.99355999564627,396.3337171172117,0.840772678088512,0.6120460968336202
96.62319121431817,35.54912827535496,81.84989038768744,298.5790434524003,0.23777480881740312,0.7550231788053966
59.604255323437286,22.99795426917091,22.565239291171522,454.6693445610422,0.15968344652614858,0.5645807048733459
93.30232216002112,24.927601617628,35.20827946342588,57.98145008341626,0.8338445891277741,0.5085243498551432
80.43609156129708,23.976389428242882,7.508938063319093,152.56153154705416,0.8222254039350506,0.5579762468307391
46.73816015552915,48.62324837210023,42.07477948214936,180.32807686169323,0.6463779889703596,0.7539121899878992
78.47634492521874,28.545940713316703,66.86998870749309,341.6398542723457,0.2967833296768416,0.6823089564941464
1.7836783976987736,30.656129707880233,83.81670341093962,393.8725815515775,0.8758112197634966,0.43552239008529064
10.914399676573494,29.662418188881084,56.59149117991552,480.5102042922101,0.7122770814430613,0.47562633160021794
82.94286148827364,46.94751335534431,64.00726695930786,147.7035791620772,0.6391156668677354,0.7637077111889191
79.68170883251618,36.88897734004665,17.726707761694815,246.81820428212365,0.27832905921235823,0.5991776711031085
23.26407419664337,47.57479696799935,3.7206038233439376,14.480465040649204,0.5104713373064925,0.3868296996735
53.07695905990535,28.997747174836867,79.1688145177316,126.49393905444396,0.7580609930375999,0.6831736423673398
60.60158207000109,23.44504023295847,16.703820744128638,187.00175405982017,0.7882081797858288,0.6102459705361895
86.77389537760112,36.686553581725235,9.116953553275241,296.90310326272413,0.5491440926410144,0.5873730265182283
60.31071573387257,30.366109753700528,93.75623209065952,235.42274679958703,0.5182350749754113,0.7401252879268619
41.25715692736803,44.05720500472245,96.35213640591765,182.23752988849867,0.6581470626461124,0.7285465475510549
37.41840434071827,46.38270226734976,61.62572916024946,312.0389832646708,0.5225990754499783,0.7885951096280572
42.58820863735099,34.17720532721215,37.86372726872934,414.3078385585002,0.4341448304525287,0.5843591699240784
65.19310255799742,49.14077072256525,83.32395409640519,120.8405664923946,0.16833520913951094,0.7970715462910444
86.7490631752325,36.59039019033217,20.471995933541244,171.43793963020616,0.20083974057246412,0.6205065973325024
45.38968820762997,28.127611801589374,42.939232742968194,352.46182484351,0.7082203745605339,0.6728758831410796
24.783956295135813,34.66926546032823,35.70172990006017,388.97029937926516,0.11973125169941445,0.4386061312691142
23.666236299758115,21.119308772087827,91.26999907416817,412.6984358673236,0.14184402063808693,0.5228832191218493
74.60142802434464,44.120034807892026,91.97774153622737,104.66560944851433,0.8237148624691341,0.729678124600676
81.65687634239104,23.043051525632627,65.08859263236664,269.6334806222078,0.6631976907637479,0.7615854325951346
10.527807985412496,29.26245465509015,11.074014027269186,450.0055492626422,0.1033701775313169,0.3141819431800472
6.655885695517815,36.959496410148304,48.21927896583025,195.97522754574587,0.3496346994838982,0.2972756511881522
59.443366375645176,21.289253769406965,24.532836622405675,214.94154511077784,0.7106547684764358,0.579869360217977
14.617324419269828,22.379506975443448,88.49156631844819,492.4114719503429,0.4340806399818046,0.49618780630753406
82.46641904563413,40.883490728390385,13.840279901620189,56.52632301625271,0.4750382582864894,0.567544970833715
31.033467392407445,22.153312791823062,5.431027586070735,352.800994730818,0.46703924883684433,0.43959167609231004
14.387193297114266,34.3124859874213,70.44290335500783,425.09206352044595,0.2617075226072325,0.49236382938717793
92.09704724874503,30.160869002622512,45.32860749681529,75.3967583170087,0.6771131503186087,0.5502179530743548
16.553172273527817,26.842382238692494,83.83648876030844,357.22661800361874,0.18240506441709572,0.4562054108061913
28.472008233793556,25.663366935909963,7.462963116931176,234.86911100522113,0.5058008844373368,0.4064258964641593
15.361339519205863,42.90233881197739,80.10761326078425,426.44544233732165,0.23596466196748944,0.6389469766381131
11.549006366535497,48.54626579450847,3.7334752844158325,453.72615841795306,0.1372262476617248,0.4405364126539535
2.1148016336440034,24.205392266099953,2.807001191395697,436.2424515772867,0.21459510755773464,0.219569460746764
5.539540916426011,48.79043657522381,46.131575173102966,32.19256878950638,0.7954679490493934,0.43873199250452555
17.464147093585268,37.84287510425311,22.12912896806518,378.4276384074871,0.24091813182436894,0.4322316723463065
5.338193262717539,39.24981216089771,59.37187070065306,460.7637874929147,0.32269536720988046,0.41388608472129657
59.11438161109712,41.29779134427746,2.5816994211470434,310.67422033546546,0.210475830576325,0.6888026178202606
68.07145267995064,41.123566710637434,3.538954236297853,300.4380302392451,0.6884360813262069,0.737495575462587
39.36304568320283,44.59433324557065,72.71484961719405,22.5026936990555,0.4563593338052012,0.6103855553243668
31.79910969520494,34.50405954043092,21.016516249231167,428.0165111029692,0.8549080309160567,0.5291186412978431
50.45262370222301,36.00075762544103,65.64171236607336,23.201780414580764,0.6314596657983219,0.5512863272867898
87.50049422346086,29.714810073902477,74.99221615007585,156.75480319233696,0.5251113763894174,0.6561650270075106
85.1131626822206,23.157727813493512,5.933116572496743,462.93153264360774,0.6253047453025343,0.5842971962672834
4.347506201279194,39.93920572778657,76.97539544642392,474.8725713647561,0.13234030656773133,0.49368506333225337
18.14984095965241,21.008299075587527,26.842121796128605,495.95027023796126,0.8605282081029524,0.5144369585558785
23.6744871104396,28.26905153250105,38.95459581997483,238.2011428064431,0.8651436883337985,0.4769977621446637
24.938757583221182,22.826895933383007,8.663919229531668,88.71477319050541,0.32091189484442373,0.29273365802229034
57.12326517427727,25.72181471968154,83.86299833648528,243.97224341454194,0.6026363861945069,0.7584858621812919
41.62624257031923,39.16192738692142,56.0728786325764,51.15646254152462,0.2615321953118997,0.5709370636365046
4.925411992759399,38.85429890614755,50.46652778471722,436.26805448498493,0.5379774356803672,0.4810004592603856
37.36141384595716,32.63164738987136,96.85548109027556,280.2686166332524,0.7166313912995147,0.617972655073056
52.37529487176372,22.705159294684734,33.45057599406708,202.25294958337764,0.8518573798443138,0.6232742570457334
10.167190290371597,33.00121749378225,89.07792864766961,39.765351240402204,0.3713735386125375,0.29983856759861965
83.34585537885597,30.5823461557488,71.96878810646042,202.62033840831523,0.6548042104342092,0.6706756054415196
5.196186646510426,41.61377458567849,92.8528135852239,433.0958041950544,0.6731416914777435,0.5953541391669382
92.48418690180621,37.37079824597156,90.78020527624598,351.70296623860634,0.276919040931793,0.808183802556879
9.91131415798755,34.74697302010997,99.10298050260697,41.22775875548329,0.6032257051947137,0.2827090378912778
84.35749515977527,34.609462469149854,13.167675203715756,79.95359986308792,0.6243370313502213,0.48555349345354276
90.26531439276171,48.98890661781256,79.6016392091595,196.15424535375232,0.7112608850768275,0.8651807897458368
97.95706805865927,42.68882665110351,80.44943549475032,50.68754134295933,0.899957805963627,0.7204513101831973
80.20258802735935,34.909386813803835,64.43735281784868,467.0205959966355,0.13218589554118446,0.6772756556075832
77.94775407713288,34.376678386669326,27.8860958238202,326.14602231543796,0.26184403494204644,0.6570985706062733
64.24832759955477,20.794373039148905,96.51482716283151,47.411500651972524,0.21606274553579255,0.5265600017428792
77.8996354578129,48.2752778995942,20.442213789020958,394.02873119023036,0.22354724193656203,0.7091850922273203
13.455220841314707,29.575219153019887,49.9575378358439,184.20296428597143,0.463398928497572,0.3088625059047705
53.60680359476373,27.678172456422313,52.14871128191862,122.43532227661042,0.8028292452903499,0.5788362579858374
51.42228701904145,49.98226776163014,16.182934483603884,284.99247096984556,0.458978615254204,0.7963286668138977
85.75721441225575,41.56069014513574,72.25288223332409,6.686066560270653,0.6347843182675306,0.646501064341349
46.27993655935158,21.42091319897864,8.886716418023976,232.6988300521275,0.4011993140241753,0.5034808168038928
38.508949610035344,21.856564310767293,69.30977788467109,421.90249654758475,0.3557306522488921,0.598758528321097
63.95632712371101,20.765046918805936,84.86154962906369,464.0287979927842,0.7673881478632338,0.74885539225676
26.646331750084606,37.98856698538607,34.939642508239956,171.27735220821987,0.6244380080947357,0.4350427940055165
13.976841095395686,22.146935001858555,70.94208085992003,321.21829408252216,0.38071623046602887,0.45229109999785333
47.78772740237458,48.00165070534791,15.677400814784981,113.41171918441678,0.831328208997732,0.6780865728948483
41.6889368594885,48.107196200680335,84.59490014528787,280.1065354923545,0.49880925209411575,0.8738754940723529
23.25699405288737,36.38162200244239,95.20316985532247,127.01386307659452,0.2506197978394308,0.4112725920190276
36.7511810115128,38.499167941878525,15.26936934997769,285.6782543137264,0.48657748997414496,0.5609259268601837
36.63924498262474,28.756832045757495,69.18594739723322,85.86105864661548,0.6397595503467806,0.4910643466497707
32.74955644125455,21.9191762722482,50.58310965565258,470.6162783803717,0.39369007140492984,0.5877257821147504
37.946407972692896,42.123813355754464,53.14993318323786,443.45873820364585,0.7750277890203148,0.7331395592256479
68.57433454559454,23.053579662470526,70.64897186006883,168.45912472441992,0.5265151844848808,0.6789453255377063
29.68764745712853,22.566729230551793,48.874049933643725,388.3314444624713,0.4742118239475731,0.5123024529400947
94.88579267153405,29.336693276126717,60.03263920177167,47.75206536609728,0.786969138610975,0.5716118243554396
91.63480195381779,20.37396979513646,23.090101941137718,370.180454352712,0.47033424517292244,0.6230506351460274
48.09104283000786,33.02106847268948,37.85065964886303,141.22956480635207,0.43152811348065323,0.5081317582674051
32.83612050046888,41.230427302402305,86.5240350071502,67.82088433793115,0.1829731162667968,0.524411110824395
53.54347898300031,44.04046794265817,10.990251164838561,339.09560895180687,0.38999350308557224,0.7821334765584618
84.85604887736245,38.129219113967636,59.757526093363985,234.90340890969463,0.4176386404504654,0.6765471555083515
65.2587340560102,45.406226093417374,18.428706223489023,265.06980086522196,0.24449785537959184,0.7206428420742477
80.43918279470775,32.19506611301331,84.65395979233719,260.2648920689604,0.5702585613705342,0.6911688355952506
53.27222760657402,45.4631625518143,57.90439538535498,29.72399105300977,0.21507365644027818,0.5956261018939786
63.291762926762075,35.194199314951376,40.304878267027114,25.69012454633851,0.2789518308831128,0.4495653338556108
28.815561418246173,26.69108383994886,24.982467365181794,300.5837519740485,0.5488735885801125,0.48993892474657486
73.48931623102908,48.324369399813975,43.684469918963444,311.93232117770833,0.31518685177978967,0.8289178337122872
20.240459312571836,28.249126215113495,95.76123259217422,23.587278257557298,0.6117346481026826,0.3618007817175992
69.47981288184982,20.786044525633795,50.920928974362056,189.21966594390886,0.6524105063365636,0.5874142572020901
86.0719068325894,27.280221288650807,46.94895316998602,306.4256397802137,0.3410323284853203,0.6533541336970466
13.210283730154393,31.000626837722834,74.6273813500309,328.34032787653814,0.16991014519737596,0.4644420948642366
61.43797405419198,30.540490498677922,37.90470708319067,414.13787963827576,0.49156146706313464,0.62948012030046
9.50957482299346,35.74002528330715,42.742394988079404,210.36614179844042,0.17431873607345372,0.30359761543531855
72.57156282714269,46.4938064610777,33.694773157161904,274.1288905734844,0.5121885452190945,0.8091852135197556
8.449321882352024,28.770146813290975,15.09197553293914,289.2801878044086,0.6809742737031681,0.32492558554660417
93.5939822700626,35.623118238775064,71.38092142026507,156.0226416501595,0.5962638331766427,0.6660346804825938
13.740793003780215,30.20416861065438,87.30309138836238,26.9127012208058,0.4586141129696141,0.26435497475574254
95.88802459090803,44.653191781196014,90.55926492427656,2.1129631025523232,0.856686838318038,0.7424400368374183
80.08841760850967,24.728045398654352,88.08029380377796,418.06270805926243,0.1813977864657364,0.7291138006393845
59.36820044663541,23.105308049301755,45.17838024379929,100.11591126119318,0.804001205529545,0.5835234864561577
78.26241046295469,35.08985759712805,28.40661922031963,315.1273320795678,0.7401030981129625,0.7122153629336114
79.51148389830858,40.15662757296476,63.79237496008234,288.5237393219598,0.4357908642916677,0.7644135115563927
94.60270628173303,43.865756032723,95.47049119060317,199.81653837025948,0.22229373752057155,0.7551147963946795
25.338335383918718,37.68874558715949,72.7050648168605,416.7466543503169,0.224693428622113,0.6131859567662997
59.00758953583092,43.21549283957002,49.484856159015656,349.2007978466895,0.8374446085942379,0.8912914447522222
9.504919756440122,31.781301756827713,68.88085745134482,11.37073171958647,0.2869637314226081,0.21115977578813797
61.61657000241213,20.98603010799407,77.2537912454397,388.34703667834236,0.7992925663902629,0.7713678181109912
17.12913040927888,23.482979237046695,91.92692613280707,253.49940900088114,0.5026361759442312,0.5205184127578063
56.495061147244186,21.161678036869887,76.32157539721541,173.50964454142343,0.46938770938189334,0.6533704711145939
57.24305140338497,29.86830951429478,43.31905556359056,363.44232825583896,0.5956090140670566,0.7086217858505776
46.598515298122734,34.86474023806047,27.36065184654841,343.0328148231347,0.27203126631458635,0.6281060638552475
52.26317755131228,30.689524509708182,49.98816647295913,155.29411893447454,0.4426965392477552,0.5746577414178605
76.3923390006588,36.81798425199177,32.81779446054718,491.5194357489407,0.8507875510439439,0.733430149646485
79.92447165120666,34.41827445478363,94.2764592687814,324.35424335587663,0.2906055431829999,0.7288747734830019
49.215321557542914,40.33828405591821,50.79658434499622,302.8898562269468,0.8372668471038014,0.7581485942038118
59.95934415226123,40.00886490690219,47.20563359640083,34.94018174088603,0.895367757287343,0.5884360792484205
93.12362356901018,29.541924413260382,34.81962181548629,139.65939017236872,0.14152575046039742,0.502973118333098
11.97335885011228,30.386433660832743,63.94069902916003,223.48700116322073,0.5251032980730973,0.4330595820706627
11.71035659001105,37.5544346492391,52.00512786209478,315.3128521548382,0.23745543975495087,0.46612752837292126
8.770901191076842,37.89297403672525,12.904892289825654,256.3818153651889,0.5973714047653419,0.3773217068069397
65.78632850405278,29.440997409113994,86.92078108304946,381.5164667356956,0.8916341145719006,0.8023667325551586
41.860830079037946,29.909536573262756,35.901283214379845,131.28385623395096,0.8175047163345647,0.5419985482510115
77.43214161418433,40.82135039558442,43.25784299581542,351.07849764124217,0.8398787692850828,0.801041151306766
67.12314133085926,39.42232468628208,20.566705666357908,408.2985234455813,0.2706798506496795,0.6868227990024659
33.36377583282382,24.05152414039324,55.339820761788914,382.52498779147663,0.5338556791114412,0.6049550401791911
89.83665473615358,33.231256390261805,70.20550624285829,385.42329229401673,0.2878648131159605,0.6682891405451338
76.25321470706523,46.781182361317704,88.11653206259396,444.2535286310827,0.819539766062121,0.915328993712121
27.053494091017573,21.089170283134255,5.160766497226266,42.089271240244756,0.25292319445939726,0.2215350806910638
36.4192017772054,45.65491839452641,97.33319096993783,348.59578568705155,0.22316712992735985,0.8025310542564796
31.44399802042629,24.89534471192431,70.38177420203567,484.3391005582305,0.10973010537121503,0.6126698264164308
15.761164862499966,35.21745897385148,28.42986844115174,286.8253249372691,0.24555828806929736,0.31723488483542295
14.778337254219165,32.730092867690345,20.447475501396607,108.6581559921963,0.2518102774836263,0.2863516141106294
93.61274633757441,20.303880120243765,29.608791865459793,499.37690288710644,0.16199215002048933,0.6243173409557319
43.79040371987533,47.46190811268896,87.57257516664424,87.33864641073946,0.7941928827305271,0.7907182479966203
38.331982277740984,33.64775682002917,29.13901731959504,167.77884868742964,0.7239982469568992,0.5224059385432842
72.9685708677378,48.62804830281845,46.282113455723575,86.03109420858391,0.30358519787780547,0.7494107076352285
55.29930652528999,28.602317029376536,70.57380542422325,232.25643437503413,0.726606162648962,0.7161163973527291
93.61399868384622,45.98827320247917,87.19898637238856,209.43800480547912,0.4377316374374386,0.7890051758827313
78.03014939093921,47.671687219868915,65.85711623461042,245.6204482552864,0.7204162474785476,0.8750562662763295
47.93695641245404,36.704972491123414,75.31091965344227,463.9917000277148,0.3584061214681389,0.7508099293157127
37.635947348082624,26.080333636031526,17.33267962959556,239.16219291711255,0.5517233811903017,0.5040853727598111
98.6631544924322,40.557422963171604,87.74078276911388,257.31316310682206,0.4052884335633349,0.805901876601083
71.77602360036434,36.4693419958838,27.571918361811065,443.34105295923405,0.25014065361877535,0.644331717242844
95.11946600038411,48.33588997557878,12.83781640565157,408.87899700741616,0.5685063072016007,0.790868123248361
11.847857721704136,33.17816185431475,97.62442903406694,119.86101561272211,0.7006646399822809,0.3503294602926255
85.05336791907825,28.05540942919466,20.1639925454161,6.462977614425103,0.7024856996753192,0.4506102462571368
63.70738839912076,24.148610044823215,13.665197007797648,314.74979610102554,0.38503153465539486,0.6202625473461699
12.192167833511258,40.959007060600385,62.60209001017866,422.42491191876,0.5149694147246624,0.47489270842312337
58.825799996922065,49.22328856941746,31.886314949609528,276.42505630520003,0.7110228788680691,0.8314140545582402
68.60963651054487,20.850313117141955,13.334920518049332,105.58846000642258,0.1435980756180727,0.3998543288608662
1.2302685888602838,42.213360643343805,60.1121117215876,370.6775453376534,0.15751066664068825,0.41473905255597715
45.43179618417466,47.807910876790004,75.89852272222355,334.769641305635,0.40097819197766194,0.9071217096436415
82.53995111963212,22.24344602682048,79.31983742071566,282.51626870427646,0.27877728082317343,0.6793631109304785
29.535902534408986,23.305101353183993,15.551260101227237,431.6680870104919,0.39971681564017636,0.4969764043705215
45.85480817985511,40.758712953491255,55.686706793994226,392.1211764695164,0.17500246388769886,0.8051440720857479
44.23141270678932,39.43890127687365,81.36783706814606,333.97604571139016,0.57360642454023,0.819772025697584
30.19273914424916,22.06482245948737,16.108701142418525,332.37933451160916,0.6373924047954835,0.5092976305430635
91.84418955155542,45.032682564534696,20.76822517706749,331.10131714913746,0.733472406315125,0.8218097973728711
78.12940354315158,35.702715435346775,0.241139743167762,262.58237245828195,0.6204183504602615,0.5558279421015069
11.05884109961105,47.21592120009838,52.46341563952881,231.9608223219235,0.41710511600486067,0.4878083615688241
99.70346578375731,46.33972642978113,19.46816968619509,354.8002297493598,0.8479425798542861,0.823354371816508
87.92000243077453,44.37523307150497,72.42425757268991,305.24724073511555,0.6810656128223924,0.8908634687551515
28.390843786403895,35.47696688733264,96.22138556176057,244.99028115027156,0.5221449966614204,0.603468947296396
83.68965796609382,27.55131925248297,20.875548899907027,63.3306769555208,0.26548032666847377,0.4408472739158141
10.641953187138286,35.179265117333976,64.90970117635327,350.96439432658275,0.6191799893889726,0.46630942704983
99.91047304742386,23.024341334053403,21.183446145851136,322.9992852889827,0.5733764200687649,0.6518299502269366
66.56847361065368,39.76538445420279,1.8006858979704,171.1242129867518,0.6466639991500372,0.5917221308536093
65.0125015558797,24.019316576870228,75.85541942145848,178.16158310753838,0.724899812246641,0.6813190350942375
9.044072698413274,35.33518887502169,43.40046766508928,123.36119206762613,0.8320396951825793,0.28895719991204644
89.70333988966253,21.631459225004534,94.67868615146531,480.95762818250944,0.8592452730865167,0.7943157495602005
2.8999503204469423,28.985374708239377,53.42858821434056,430.1006814343613,0.604148401700477,0.3867445947209172
24.082805804114706,26.962413820093634,15.748286897568399,280.5245147061084,0.8727648286026747,0.4592001515807357
14.302187516663501,38.60094628135012,44.97744417972779,200.82657327925713,0.8291379192004541,0.4692320396252262
77.67679406922186,43.60360136067526,20.28917948060165,368.4126318482117,0.10209148561217685,0.7438009925493182
19.820422721289788,21.719088636215783,87.80292726865746,263.8640880629986,0.6100939729968062,0.545983037269972
91.06382271308853,45.50851055466153,69.09031808875248,487.92551695755697,0.24277552786725087,0.8126620736634679
65.62690393274902,45.82303084863813,34.12388046547036,27.561306961077282,0.33615412356679875,0.6132683438578564
3.6162710494696215,30.268072228640683,52.78203228071404,17.142867026737562,0.3380001597884711,0.14216585498339473
0.5429834128700461,39.77012197910966,66.94801882130285,284.3055089866867,0.486503711709686,0.43401406511925
5.165791701439892,32.078390951103486,78.28577166454252,101.63961134445337,0.10869294239469314,0.23434929800627063
60.592517764772765,24.625726465688945,8.014720987054169,302.15208177509624,0.2886371264197252,0.6322062146133426
80.14818108594153,35.85987255689331,2.2518841995246786,390.7115142735887,0.12329676556786931,0.6015168709267351
23.855282062738848,22.590790235047898,11.445269716988982,69.05488059243642,0.6204468525753903,0.33111780663796125
84.94088429230729,46.354164661879636,39.4996310172563,220.30411209476398,0.8114300629542666,0.8350147473802183
5.7231940153260386,47.728692782288256,46.6706610082092,344.3335417246776,0.8982309278655457,0.5789908527008626
80.09638536416762,44.64839411034211,13.646163021384838,416.93178533648563,0.45884551342567803,0.7373480695064032
92.77954301722804,36.875843622679355,41.11531378996053,248.17204501817864,0.30811288823532224,0.7006134953552232
77.21083991043805,36.727957733763645,44.162278636183046,103.0767934530108,0.7824828773845539,0.5978562694283153
69.81207839786371,49.53822129802789,10.908996367748669,292.8996277928165,0.19052681403237826,0.7379789994875228
83.7980218655383,27.437050694935486,91.6659960195734,227.25853436249977,0.8793911848449126,0.7696688100694659
4.015129954706643,22.278450977156226,59.91459275877076,385.96271350224293,0.6718699637745618,0.41194603753100945
20.178211071905537,36.85822770803533,38.85355304562821,277.788032101474,0.5031477322939314,0.519559377254108
12.492367930564308,29.8635679343031,50.69071834722067,139.7114224852154,0.17732042985938667,0.30065375406382994
50.453099019298655,29.670163184241325,31.419748646880674,377.1964598605941,0.11455674856781713,0.6197676589492815
74.51881283288445,20.21256062509844,85.4331031644593,258.87350648097987,0.5356257579855513,0.7719285377157824
63.001184457639866,37.88718228643799,57.501504156850366,88.77327613916376,0.43108040595201713,0.5524473184501355
85.1131099761935,27.92101106826842,49.489581439354346,281.53616157099725,0.7741315954896294,0.690336029990327
15.521299244109088,25.63575644578043,91.08854030955976,474.1600299229364,0.6138443837547495,0.49341264392858236
73.46210919351616,21.212957941790112,83.79796982340677,352.75813046886805,0.4455170771965561,0.678699314362457
19.30414908689041,30.93084729426834,81.28018914258493,149.40168072898945,0.2808056480809551,0.43900602174281944
27.075875131780023,46.36906617159372,22.560920423184417,355.4365876464291,0.48433776704960496,0.6151316249559863
70.99046972813039,30.10012422792117,15.312311146835677,141.30315550108946,0.23039542302892527,0.5231132706199996
98.02047848986818,40.37222630358781,69.00965197127476,271.3444187706309,0.6336101299785483,0.806952668409291
61.154360597706955,42.696408902057215,46.864225634139586,263.2978818937764,0.584583257972608,0.7926937294833836
5.45003149912956,29.843024275705986,68.37127129568435,123.69543945590183,0.7480570945009622,0.3099537055021264
61.63089699275328,44.64922205036124,76.06272321111163,173.94059993990902,0.459623417793821,0.7602691974454208
4.23505515801671,40.75638979000847,29.531350734475094,471.0907273930228,0.3229188264220232,0.39675324149883134
88.41457113668172,36.77726686102855,28.46504331228087,125.2992682077168,0.7691162873886044,0.6150883674008241
70.95782851006207,20.029773921518867,49.08315662581837,400.51352181549294,0.6527976651679077,0.7057992250256879
17.31278464225032,21.052722977684244,27.354931352649736,333.68529000607,0.66536733124748,0.4179586322277497
9.172100582419807,49.7259753231819,66.72952760161995,266.31456626288224,0.5224676571250765,0.5794881731182131
18.353322888031897,43.46851770510678,74.67304458807168,68.75743473258173,0.8007828919094985,0.5134402576926671
98.00271795541924,48.126957763188415,47.203894605324436,102.28537635318891,0.2822268059772287,0.6933243113461548
45.856064245848984,47.069096147540826,72.37997655986432,89.48881179520197,0.42135362028233647,0.717268540007909
78.4080948341408,20.613289494282526,51.04375690707762,293.39712948687617,0.736986057331859,0.7078403727910807
63.64083421077768,43.75541869373222,71.28717219670092,486.69159835923904,0.20636872157494493,0.807706306702202
57.24131499586373,33.53437232033464,22.496824779572535,438.61963138749735,0.7464875944129717,0.675644412725781
14.51302546650497,43.68674612001967,73.8843045933042,12.625941464788626,0.3820761765846722,0.4192075654708919
94.60244535580951,20.201473524901555,71.51240234570177,136.86331223117327,0.20040295922429358,0.6543266268142592
30.134263251471793,28.645979036016925,26.660570704917763,78.62872946851107,0.16331958842818323,0.35241855609438444
57.80172158075422,42.53971327373907,55.5970991040175,487.8389209489509,0.7744229750029874,0.8800268385210768
69.97759445890661,43.79062365804769,85.53116678744016,117.80511729890752,0.7228924365005085,0.743476292814573
64.92331552453089,38.59143803643872,24.952264697243898,100.65659251939695,0.3304330763116131,0.4967906963154638
94.05944096955184,29.037685683387913,73.59797840146763,310.4376467911296,0.19308975138998258,0.7068722769701453
14.8438989920058,29.310877738635888,95.39667171468871,278.09329178739324,0.29778754083017445,0.4948223922097932
50.83527384469421,49.002918909260984,86.62419197575649,112.92574189061743,0.2703901085549406,0.8100632757841685
40.403439074076594,33.17636537702614,40.152008268027615,335.1824322686211,0.6864445213537586,0.6630949883262611
47.41687294826181,33.41376650731511,60.720773298813846,48.50360564734457,0.27245046748553403,0.4292539836503356
11.921752619774463,36.569982507220985,99.17701342527039,9.684533015446084,0.27287881741410014,0.325718912366268
13.409460987276534,32.285070105931666,56.84374113757185,41.20739535317342,0.12581450599908434,0.2505651678387962
27.80755457812574,36.58014693792242,11.502760243036658,182.43411298788632,0.5774877506476145,0.37034030004447477
30.470460376083132,32.97006268302674,4.543075477876091,487.5081639374087,0.6511836386048858,0.5086357184159523
42.790321368135,44.8014475880656,79.03145097440284,273.6234994046819,0.6227923751584672,0.8281815690854486
61.09875470366283,47.27153059394852,42.36283254018461,377.3630515077336,0.5548793249248628,0.8599755303819876
63.462911741826304,47.963307794460846,24.681289062919443,160.74787611577966,0.8728599590726682,0.7935460420796994
41.18108965855703,36.9288861748816,34.7672030660947,359.66953274166457,0.4781908097416706,0.63990195771767
40.87831094286971,33.264456723934856,75.73728665464523,483.09059906117875,0.7881092064969878,0.6627817567731561
21.762852669696198,41.15720176375514,46.52473356338292,178.88044514102663,0.616807928301871,0.49831350246666906
58.830624840900825,45.1497077388772,86.84994925258765,499.5297173675125,0.16732955255026882,0.8035330366478626
31.70409113172379,36.889467261991314,73.49255887776994,319.20497551583304,0.7480707687808714,0.67919901593929
3.60598342773637,40.99943065466784,97.4014150445425,374.2957062323619,0.5675108333518546,0.5539244833057657
41.84000441568604,42.49188052163744,88.85037667898433,126.08361942407498,0.6228205274603477,0.651866011350483
47.41326750901703,40.2918133015186,25.454721178600913,321.54538458862083,0.24418194849908154,0.6544522674938464
22.5592868204211,42.384006671879284,65.90592328025534,255.5031257311937,0.44999207531388596,0.568805581237003
57.24579331221157,26.259359976679953,2.0543034528143878,478.20132273871803,0.8044659794994273,0.6206812587658195
56.5771900431921,34.95123641065393,99.11067244295982,452.33752389475774,0.27234495446905227,0.7396071901928712
70.20021811103715,37.64805663815262,26.100610880259655,198.33629946253862,0.10009992522975493,0.5631881857441549
64.794848220121,20.074337925710694,66.4795093623584,473.4348757691167,0.30600696969398006,0.7248256822047908
65.24330565210316,45.67887526441046,84.91536211995653,442.40627637500484,0.4900339593411296,0.923349792561865
31.621415182404313,38.30073525334736,16.046466272797144,295.1919251845696,0.7570224346415371,0.6009964720100347
78.74322219859539,23.874089950946097,84.78793428104791,41.05895439477014,0.6146327204586808,0.5552904754479587
54.914438359967946,44.490712177274816,1.2245665790822424,80.39512032976887,0.8352507751657406,0.6575385841033783
43.14181951798901,41.51170899321634,44.19771380854074,38.43712233690011,0.4644515453023148,0.5877383078942735
62.60124809410571,42.748986303909106,47.203762253113844,53.996557324530514,0.41265217836562984,0.6656701922667416
36.06573344502543,31.761273855855684,37.40907132587359,488.47618719653883,0.28513457327657066,0.5463811555873171
51.27392446067582,45.62607520084976,58.63847463004998,106.08364960807614,0.27444998763128337,0.6772403002452112
73.67056884822203,32.420827463970866,91.48423487026321,345.4272911703315,0.6888879176064483,0.7393615560162423
88.64028867237077,37.11527458836774,32.69891143002891,318.26412884138483,0.1642872984362473,0.6228894533559208
92.10571972951917,20.019269110996213,57.925988716642415,315.5724324265019,0.2941708678664069,0.6883790278302913
50.36329251830992,39.34619344033587,87.74625257433229,103.3519997980149,0.8087162076321038,0.7331577555277448
52.02751147405691,41.5452737638381,77.29953951013782,289.6732971923048,0.5615366544797223,0.870672903571812
79.98704107638365,37.01328096466377,4.0733264805496,312.7691747924758,0.13727008725466583,0.5836415285811435
31.445069174420127,34.89676451130848,94.27907641276623,285.2026583225555,0.6634040386638284,0.6254303456232854
83.73823623450686,44.29809421135125,4.664690425861274,93.08123363783932,0.5053458942024931,0.5921840026099388
49.41416465174234,40.44118151495725,58.87584743743296,361.53029853735444,0.7836173819984125,0.7881437840773668
11.585672433526838,28.34222119160069,57.53536203151648,36.62158095825552,0.6459470980330104,0.30006009384540455
7.20591470729437,48.772200142399576,78.6390230702316,295.60000590981093,0.1035572703822309,0.5998267514831996
84.19932110394632,41.21801582586022,14.844305184897767,218.12966620065666,0.2645912697399365,0.6368735495945058
5.55679169068779,49.638167867372744,17.937039206270377,125.14329656653683,0.306370960451956,0.39252018551030604
28.06114361336559,49.13783948806605,75.21069327383604,403.6944945130694,0.66178583132932,0.8105947022612057
33.41300405015458,47.567291684302695,14.950475241162508,87.94628333609195,0.5074513421360755,0.5570261588972115
17.29944451915938,42.66114623675922,46.944512706563955,466.4908799489755,0.6979579976729304,0.5559067905326833
31.389336980198923,38.282881054909026,73.16480902109319,442.2825141605935,0.5102937590267701,0.6786003555396946
74.26925667250856,25.165119910487725,65.12419287826812,180.29377358104148,0.36190768855728084,0.6361554630869252
1.4682843560070769,36.30054252271273,21.060418611309515,152.57646542929666,0.18292851736695148,0.1740788518645763
82.71734245206865,42.96129567182982,30.396025868608557,68.74334170945107,0.26209767893498903,0.5922087105712233
85.65480235745582,35.62571476116703,96.8974903241041,458.16390796697794,0.4206240642765454,0.7607395942116333
37.226157319154815,46.047173852169735,44.86706201548839,313.765929411636,0.5411634465454229,0.7785743485448535
15.36128990606348,23.289676975750947,4.445747643638054,15.891791071701578,0.8509099225524981,0.18016565695609452
60.084040794508084,31.428210441459022,21.958489946633264,255.49970728080524,0.291776141653201,0.6304324516120868
11.967255586489433,35.178932557809716,34.24350896618377,42.89947391469345,0.632867951557347,0.2429445709759753
36.49193610782525,32.96975887607324,99.94894042945859,286.8753424764209,0.22203672919464135,0.6037128564693969
95.84291809009724,23.257596434646594,30.26915474769186,254.48085916040625,0.6710024975378672,0.6274060780169325
99.54644725836371,24.605848821338917,2.6395848782544973,41.423022751361,0.10907270171518323,0.36343080756887547
77.21048913545856,45.12851878566461,51.292157755533594,407.93029655838643,0.6247359599436926,0.7914658624154873
31.09615099207662,34.53152777604353,8.360538497397707,131.15858858313882,0.2305741253716195,0.36416753463052093
68.76650491660925,21.46167280258183,27.406759869572184,270.7421820833495,0.2442595571046587,0.6657350105341391
70.54063654840127,20.494737769329497,99.23831760939392,319.51943831526717,0.5471261066516618,0.7061841502000917
38.784169516364976,34.2042620598298,70.46385189301544,481.15226678758324,0.40032923672696996,0.6151289951087449
64.08886345861595,24.93136177773331,5.066662928287036,246.90584643992298,0.477044120440669,0.5943557983355804
1.0727644975676243,41.15377837997666,44.8686718591796,458.6578861439617,0.34711110604500633,0.4070304929629818
20.905765860224147,43.85970387583254,17.16375126288493,177.42867067384944,0.8627736396226602,0.5262475013303322
52.50883029672612,26.848901253713166,12.294465640212128,428.71860082499745,0.33252488006551106,0.6032529953874838
16.37513042582959,37.76530834645342,58.7065413348802,117.91311347570837,0.5336379397884,0.3761251672544074
16.590686787653365,24.63333930456158,50.56558896402157,353.7398812177089,0.7834844444326762,0.4825184679441876
83.6304290550238,29.10747954783161,74.28665843155082,44.30599687749825,0.6313446498086569,0.5104965981240102
98.91330026836054,46.663864825443,89.23062282318597,493.02517834182964,0.35822155758537655,0.8570358230616572
55.596942802844836,36.32294274446932,24.668185743166195,476.968199931184,0.5419493466934555,0.6965354007572675
83.90697308817134,46.57666085432601,92.2991986655397,221.10681925868886,0.16639290098618192,0.8541563096541229
99.03216643262725,26.75743412538521,51.799177255409546,261.9676089951268,0.5365491221661538,0.7176084238866957
14.15958885687747,29.90073029745998,25.883491818511718,298.88743115901104,0.4451112706828336,0.4046441640589168
44.824561325435106,34.12856415370451,84.57858381026094,137.51877984483502,0.7063469656587553,0.5584037461785566
39.25727158419199,34.402402255836286,3.55299180290225,337.2357176025813,0.7783222745072937,0.5402447922949006
8.004928364618502,49.92943901551101,55.95093774729606,349.280973302258,0.25969321731795125,0.6257106857302439
75.53301727947445,23.433359569133902,72.16215350299666,262.53824616263785,0.16522872436861047,0.7255440348572448
43.3779027322593,45.55895106804772,27.997768715614324,73.87034624260885,0.4124455849958685,0.6282980379931049
46.93269341904013,45.91046118265611,86.34919175632179,459.5929719458,0.5273203265604377,0.8696461284149787
15.067297381324018,36.59595894613362,24.028456335798488,57.52254117280764,0.401441558652018,0.21109913056384186
18.09266522308681,30.32111504777461,83.98742827317392,314.5860843552557,0.6028489367984641,0.5357146025426996
90.7103622156215,35.576783128648884,7.854496383245724,51.54429830487756,0.5045210237752601,0.4576768008949231
4.464908897427888,28.774031144196915,15.99275918684313,73.05035456646131,0.8493008277320718,0.24183804951091772
23.285228494370624,43.97322345319819,38.098458390190814,10.269157014414498,0.42751289865567443,0.41050532186368816
29.205933031452837,34.94837476130991,85.40555127981793,181.6820419283798,0.16599533835886593,0.4926628617080661
49.01975424015864,47.77526536632352,14.458536512678243,319.79128221101894,0.3415480169131817,0.7769445633289844
58.644517301479596,38.68074033068132,87.54382397942415,260.772109866436,0.5847150898905956,0.7933918848686483
49.32899758506666,35.4295799934405,22.97315266127937,337.26957562424286,0.30482007888566887,0.6433805880516528
8.411533455688202,41.33208061932957,45.250839859452874,337.5094304354764,0.3151907614445071,0.4379367536412633
24.366745405571354,35.117988932907025,35.27344042603377,70.08687199711933,0.3716579872178807,0.29043987262434035
84.35883847625412,47.135190512583414,11.812622661452355,28.668701710857782,0.6969134239272441,0.6638717735001058
63.7588700478459,25.533378826605237,94.43097395191401,312.6790702173349,0.8521065874351692,0.7359794199104465
64.91490501342744,49.20046051237717,43.81782907522135,326.6121524876213,0.38030130707822396,0.9086604574983678
67.0203255351355,44.36571655553576,69.03312613561945,278.3518675708522,0.2563904318083935,0.7581999262218931
76.29030190395291,45.82200085594609,57.52676766640311,122.88123316203536,0.4365095617336825,0.7101915784169147
5.810848172144734,34.48723497113214,50.17159168522074,405.382608491127,0.38147175438370096,0.4020504661706755
36.66083849326124,45.11604648012792,61.657762355684895,37.84300774812854,0.8920199312985407,0.6215557152390647
53.952743526167865,29.203222507316156,89.83423062024289,316.1558946606797,0.4710946068143941,0.7076151565685841
33.845648329732605,42.85844535692526,69.93123756941095,60.20576793968607,0.6434266822494912,0.5900925716516302
84.44788732871865,24.21350475167068,53.24800794552211,327.2238582166148,0.8310304533158827,0.7349531904834568
48.25725085872939,29.21155747887526,64.51859606659764,208.86289391174822,0.6032492618911067,0.6518585304463266
76.86275894593791,33.371979900791985,60.639428050902154,359.0515277188357,0.29950277993588315,0.6749315368655425
85.20155168811691,29.669591544302655,43.31212074863131,26.09610123846734,0.5859280762666242,0.5061622548700729
50.479148290349805,31.610513468725507,62.476401013045034,277.54149424018397,0.42150106885209293,0.6768633732528873
90.95522438713499,44.60314234351094,44.35698001641636,72.4389494400398,0.4378798955510457,0.7263278380248657
58.712394053698056,27.700276764265027,75.76143778719123,341.19081580523687,0.883459665096324,0.7731981478061128
85.02742988337218,42.35843516463717,96.89124835222856,59.977815655841205,0.3228728108758821,0.6591722517720712
34.05907955915243,22.211362073349555,95.98653574972292,36.79166147596291,0.4751481171826487,0.4442070585850068
49.88169585314852,42.972173225451826,82.07357864249805,356.56139909180627,0.22789363655936024,0.8815654029191459
53.14110410045777,43.76069728489319,60.175889705948514,31.765967284141162,0.24283535894839103,0.5759279314112955
10.497971589607058,32.05096326507446,74.93319880707405,112.26540896575804,0.5827875392686671,0.3578908814515345
39.855250670154064,41.674334695024115,17.804829525755437,412.36759856283606,0.7008125665221717,0.6642644968147832
91.7337672551676,47.45415211235297,47.90184573139226,404.84415390411317,0.6091678988934761,0.8240861089944873
63.08322403647424,44.0213892066358,25.730476499136433,427.062878890388,0.3634271983223767,0.7303002628540357
17.750658243696748,31.713395311908798,0.3494981109347095,163.04994479435686,0.14769453805201582,0.2578879534824943
33.8855635609605,34.52640542840193,96.6737574672076,264.0240143751046,0.47621108971895365,0.5849042668923394
19.160300966269983,43.38072634357417,86.38485618518413,386.673676303076,0.5034157224751712,0.6539936147723304
2.482313179857254,28.777837695473707,51.369861846992684,68.49275750554024,0.7165212863678548,0.2828832470565149
92.74604585040267,44.11648220926621,25.415228811900683,362.1954396078591,0.6122316498335638,0.7855478354457396
44.820732825687145,29.842134276828233,69.29752101992366,48.743174697327305,0.7970069020807895,0.5122687473427292
30.753507242078616,44.17971747156614,43.48010845499275,456.62530431343384,0.7263863029560733,0.6664307294420777
59.84771915577366,22.6040133005217,80.33495334226994,318.6550912558129,0.39270222704875746,0.7307080505425179
0.7314456293015636,21.331918907317704,99.95181101809494,246.65265634487793,0.6057771388197586,0.36956588394716566
27.802210660081382,49.930263421094665,34.908260748987004,242.3646273335821,0.6978292235641013,0.695058398405125
70.30334656988926,46.08371369704067,24.440304347804776,90.6810239224552,0.865504295338196,0.6999861536904747
63.3769773069263,46.48542510398612,26.738248879475822,172.95868622732687,0.43788173009779674,0.7642830205170621
98.18059475425355,48.538398428198526,9.334624568067195,363.56183265857453,0.6186255938489088,0.8097653695400272
62.0357709658044,33.14948928243464,39.40461965001554,270.47181042719427,0.4141310682253073,0.6110454755448288
47.75058736277328,28.605066640404566,1.7425052716909306,264.65310205013145,0.6902625430958296,0.6175971485076277
76.14325631840076,23.90074985053709,11.43955574012756,97.6229472727897,0.8295945370484458,0.557381322869541
90.3327871964053,35.03627400615393,27.169574727267033,345.18115597684204,0.8353808125756601,0.6919379801067566
72.06959467183516,26.601449614298236,15.986277590948072,196.01695053067513,0.22567001391000804,0.5258274070382095
96.32112235493796,48.06652570217959,73.21590995007253,91.37666921926707,0.2632772780967031,0.7674220732177673
78.20051707381772,20.120094873283374,10.560479086790032,471.8923757981646,0.7039435606318389,0.6338628599405293
86.68014382619265,24.295902132293648,86.59941050245247,253.39937343280255,0.6048079087539215,0.667742438633936
11.410407118363718,27.394275592502805,22.111450371095287,264.0183237561827,0.8240858294839638,0.3966568465493752
73.24135029937877,25.96870134779585,10.859061697156768,490.68595510740306,0.35104044753242836,0.632232329744649
44.00886995273686,26.773353097391308,1.0106644431258527,183.2030685852467,0.7784166489170103,0.5531667463599311
55.31038024112752,39.68142815183535,71.52050043221465,471.5103422812248,0.6470206855870879,0.7892992956050054
65.41024094823568,29.825362349394474,25.6616745938542,347.46268056774,0.2563650481252796,0.6305371041518428
96.98151167055694,38.4507314571012,50.94986051377748,316.54781637239995,0.20119549519651142,0.7190942774799227
98.45780814316247,46.707738009388734,11.161604667215574,117.20915097124029,0.6621788816068861,0.6739499811421755
28.82282454879053,38.07670296577106,98.52959232362493,25.877836193895053,0.22676921017941443,0.4361569710142725
73.37534974379162,40.835983738591445,12.538473906995529,218.89191914256938,0.7354632317945186,0.6719111048259763
74.99835379352686,30.96509894664072,41.19259266418782,5.085480997862546,0.5456760321018538,0.4915465171682637
34.649286131304876,24.792154028681274,85.16495023344659,35.50125538519172,0.4814936499702318,0.48658230252614565
12.3869774864221,29.617521873497182,24.48869484804068,297.6633778471865,0.3204232287371357,0.3997183457543984
4.094696028571976,48.928479461123246,26.69717853461734,362.23591653651374,0.8870764759398878,0.5304508164072342
77.73431275291786,38.65434153359411,80.84995158907329,83.97416596213847,0.6777336887284211,0.6673116593185439
48.96997418169059,28.325333583020456,27.33396571920127,366.25020633688695,0.7224509177319016,0.653607853171897
98.55401694949262,33.527458014863114,0.28713110948129783,474.8629132973759,0.7149687421322706,0.6050650743275027
46.497345619365305,45.06539112292983,42.79137204899498,371.58804036309834,0.5672124617412773,0.7481607606147676
97.79169790738402,40.053307121173205,1.253520967847499,392.3576097875164,0.8517590735671023,0.7056303611293225
41.157600219405985,36.819585221875045,90.97922838293668,350.3562901341859,0.5670572027061415,0.7334496691844821
79.36821505599725,46.55488629901524,64.18132241792209,112.36872022737559,0.5160364680833196,0.74626826459009
8.481927231183207,40.17318716650371,58.30142662212422,180.444971077918,0.3189683539382938,0.389589240308677
55.54617101377639,39.28189192373286,20.15895108623631,474.63348138490863,0.3253887358733388,0.6899819070277389
80.20597869857242,25.693044116323044,69.99461854286363,330.60528948505936,0.6895071247856348,0.7925242131013417
92.47016672198886,23.191660490372232,67.72546436783458,394.51236696703614,0.36781393731168444,0.7011737035351672
82.25830906174316,48.954263511721976,6.046357392536494,484.34730942233864,0.6829685961173423,0.7805422631156832
3.6970727201174225,37.96575110301058,88.08465308105725,115.71846025633286,0.8621654070518601,0.37607183354722923
37.270234130673416,32.47050227439287,57.94133629298055,160.84333366327675,0.4514459494230071,0.5784119664163027
4.869847231385127,37.67062462730652,79.24668810386102,322.40082641724985,0.17786051430371358,0.401243833856042
10.928229111455801,21.854358832151462,26.291407212884423,12.178736892003661,0.633237185063549,0.21674093960611476
67.53056286674841,44.66381821712321,12.204779975345414,285.60953866685287,0.1076184253563885,0.7376404705408429
71.32581963116982,26.49936606693008,70.24495731867846,404.3441897572494,0.7296028170178375,0.683703550092478
77.37206827516263,44.136380189538414,79.38826862551622,305.2216869120626,0.5205224936309748,0.8850303312713739
86.54565480556629,36.03135329790832,38.60335336192914,147.69664194805543,0.4917857632069239,0.6018779882573168
73.943146847651,28.297160409707082,2.369227531631124,362.0520416680308,0.5555537284621498,0.6019776184266277
80.0871592106632,20.906298447262113,81.82540246538646,73.01581233997278,0.5131268351477728,0.5805967349087343
4.896370982327925,44.47500065979817,20.609390633044068,447.38673463925835,0.35902181743681816,0.4174328576118578
23.45351504412986,25.2938042440792,33.90319418974882,50.4575155202277,0.32520712774339355,0.28404509599291056
62.189777337524575,21.554153469196205,62.82310077771302,431.7455668812174,0.4322379684991161,0.7019542298574902
85.81253046248231,42.67633192477642,9.995471921130273,248.90471386811623,0.8159274255324535,0.7038985093650914
0.45001249396591225,30.501296671189365,7.199576613846315,214.32350174390092,0.20829636783027441,0.17002700730721124
51.46293421163498,31.6800201677495,2.570377157527426,250.33088028771567,0.35981167734926667,0.5934116331458331
67.72873993643972,27.41202761842157,91.66398602394554,100.1031515464606,0.2538403423595235,0.5556866052328054
2.9607289128613212,45.77535436090692,31.138274426865564,228.84278977940681,0.44170958138990557,0.3670418237129419
40.13555575533879,28.919885783195962,66.06588151171319,424.8599079493293,0.20679873529853696,0.661705844868717
89.56348813836968,26.305777092530715,98.92352490177421,400.4776211093995,0.7086364911217857,0.765103116331961
67.16128088558587,29.27749179008468,66.94507935619434,81.52426724566465,0.18277391406765978,0.536501957922264
23.76583633605973,26.09448725502191,52.509479585618,336.71048906453086,0.6322096748938166,0.5247005823528534
85.27811296319126,29.529656624156225,52.09199335172385,428.41863248271267,0.3141682598952188,0.6853676145473778
34.80314234095143,22.488086686045193,37.69171484555517,409.88379430940466,0.4777519974861302,0.546347624657138
85.33446711440594,24.75590087358375,59.97796559550853,212.8162216485907,0.25999036937403314,0.6455131373574614
29.894365111890554,32.51158650188444,95.87913895457044,24.046420173057914,0.6841789435805753,0.41484151970906313
59.032025088314896,46.384005667696286,78.80440336983101,465.5847114868746,0.8586207914146595,0.9263522923603739
39.69400677478341,21.718722401668575,42.42266170332375,197.94255792403098,0.2773962299143967,0.45066097873280037
27.4825050755067,26.380241202800917,33.24448290325333,180.4883186281719,0.8625225661702627,0.4964558573872011
88.65575621718692,47.250370266247884,88.35315296231214,379.75747223940647,0.36021904080914724,0.8940775434007644
18.759368193949133,46.700440224797646,13.578582562659381,131.98610774601127,0.5462777336415213,0.4755029239402066
8.48115912357631,40.38352499887824,84.95852569643017,417.373961583646,0.6612719608684609,0.5615728807982443
34.19269385456604,27.21420662285714,25.507676134233236,38.02578040965782,0.2594148928521549,0.3549621727031099
71.76391476415675,32.594316831673574,71.56292357759177,370.35560035810545,0.45581114994610217,0.7295283308453645
80.74316059762818,26.33662983313895,80.622058077483,482.8947452207658,0.15426198453124007,0.7270730202352992
99.87433700667648,23.857655273756098,47.699651726347255,497.88439843708676,0.657643020822416,0.6763626166907843
29.63620570111649,31.399951835416744,19.228397614227433,461.90218003208315,0.43329289577958274,0.4517006183255582
40.79419511312822,37.2746481521105,84.47677434623753,435.3812027031547,0.8133156261116727,0.7441863924260471
13.68212780296263,30.797980263944154,36.750834505331476,139.4401122288651,0.31919351085851033,0.2691688438114564
57.487192962303354,38.32473651397909,32.06802604825193,483.324181314882,0.8388810594591416,0.7811094001702572
99.75800372629172,28.887642061379164,51.00161823534396,463.9482969071764,0.21283187574627604,0.6781655546451107
70.08810101206585,30.37551583282371,43.50862411039177,267.1862535125933,0.5855731728111067,0.6467657147928746
59.521284041337175,43.720207749338286,68.30522170387242,201.0388271968398,0.3462465438977431,0.7548460533851048
39.2369092921794,46.34944192681574,13.719780837266537,54.633626779094115,0.24542528876262992,0.5166639906613092
91.52987602855548,29.66102244593156,43.5689654047873,295.3170389125624,0.1751497373753324,0.6440447211287501
49.69165961303494,37.14547404035829,89.1701811225204,350.27297426109885,0.624514047062952,0.7970517235236783
13.43669133130615,28.34486851676804,3.606270943972545,201.9982915907645,0.2865343466073964,0.2661971960608768
36.53784631991335,21.600039251222825,45.73383331533264,203.01478031526594,0.5582515296568381,0.4909644990940675
6.716666884776689,42.13571544081224,66.05319663852102,286.6556953571519,0.8835349782682224,0.48093944214129986
20.197903768878156,25.13010449708451,88.77110870419853,13.8920479535809,0.3527694562236253,0.32471536596013717
1.7668780999912204,32.77137571240752,59.378622693317574,478.9329481933745,0.12795542217338307,0.35331338762019804
45.327991650016344,34.611364801374705,82.44842712393286,144.95285354835468,0.21425809151713643,0.5744859153638238
63.45402649517972,25.53414752537318,22.269101895928646,70.44543088444006,0.19545760752893662,0.49536087079954333
34.32924623789078,22.836660519901887,35.280943622785955,2.7441980672952004,0.4706268217641887,0.3539420395336078
42.03817715052771,30.44039044013212,94.21322739280427,428.4457706928567,0.6957204557285018,0.7545551675541035
95.92092728445759,48.56857722650955,88.59751130926863,431.60368789983454,0.3371555086254867,0.949187017060605
75.19631215749155,38.45406769965264,55.795298268870454,47.65330225885506,0.21667421667507458,0.5856453160448122
54.085663694495125,31.442306852087075,47.548833779484525,76.1206514444005,0.6126134130631415,0.5150571565795713
28.454087511182525,21.16732462322645,45.10673914544585,223.95111562888397,0.340944167079394,0.4676631289757134
89.69967987729952,38.00819844173245,5.878966156701604,92.8520865331578,0.5601362794497862,0.5557305976918014
23.50971168806595,22.767729228061178,89.23771039565669,367.91056841837843,0.8470292477382015,0.6074412483330229
32.534273051667704,36.276322131425786,81.81495084153354,29.019872852861173,0.33307756394122096,0.46404267522668297
90.90648144229485,42.55851524815229,45.62511447278671,274.85466619293305,0.5099932915890149,0.7289264470792272
52.95420552850724,32.707560448843594,27.94399727194734,191.39578255695204,0.745449530904973,0.662100834264942
74.23179494179767,28.98234484449573,34.292060642653055,232.47324184612577,0.6533744899981025,0.6108759918585728
59.07447941637661,21.421527014527957,12.316058587288946,212.3785588478009,0.7011825398233487,0.5249638154795296
65.34392090094951,20.743336254847904,72.17897413057226,76.57959126732683,0.7180554998848802,0.5976604151934435
29.938329151482556,32.90079708936564,55.66698565548577,110.14074265428114,0.5319328162672344,0.3671398300150259
24.137206162666292,46.500358121089036,23.410342282489495,32.4038494552133,0.5288496863218121,0.40812672379144077
32.249234716866525,27.321883363795713,62.30055720776897,57.64278764953562,0.6751116643587579,0.5252532343113321
15.544156408342246,37.22166517345464,97.92302142549747,488.94741120945747,0.6581186160908445,0.5428419354551121
87.43143652908074,40.529174590392856,12.23951354761792,139.89340583862597,0.6360461312237481,0.5607046844157533
28.324693325011406,21.824896025040843,45.848501062532776,153.5127696697821,0.4057077537141309,0.4279103511822468
56.14893944143846,24.593011274101315,49.41588209221267,63.55316521606053,0.7628341164839014,0.5343728550310367
79.1974425141374,29.93830380258701,16.67972138238024,377.58210224837575,0.2889623114967115,0.6361062847318519
78.38241093757135,40.10279522445711,53.15802109973148,462.071405093641,0.2245855730821698,0.7134807731480606
43.83862585841929,33.171053366842905,60.597725854809006,394.8752685333255,0.3761297752925613,0.6662261058200127
47.62573085867257,42.02585204654736,15.73445388184953,306.3079147170859,0.3030649923239648,0.6524549724526967
99.47017489350249,46.02793596719577,15.47238990088764,406.6164578052881,0.6305460097625251,0.8670753226134105
67.4597476979024,42.75116829795628,85.6348715633756,202.1151164664292,0.28481428091996874,0.7816824613098527
81.46384431178826,49.767416219397475,31.138743667004487,429.74867754034375,0.6251918706806951,0.8634380404445284
90.2553969219232,42.63083206194949,63.033338707863095,399.259424819091,0.5105782358726308,0.8122010136382277
78.75898362293393,45.56537585022352,62.67730756752141,0.8623221281595095,0.22196005446020772,0.6145545170593958
18.51793449535676,44.97099075395003,83.9170875582635,243.8970674587585,0.30671701129681833,0.5830144265614599
56.21707337375722,41.9079728684014,73.98946312315235,132.30828803961307,0.5173814274425783,0.6971283145864935
10.189415731454488,44.05405449967672,84.05764334382778,43.11645818384774,0.6864842431389585,0.48978923206619057
65.29221265639984,48.04049683602231,62.52147896506657,423.09802137388743,0.41860131533974076,0.866382777008801
95.5349428187811,34.25622135578878,44.9457160513994,3.974842150561153,0.28626611374243205,0.40166715653850515
51.27320643001113,39.14861071737631,39.35665213130747,365.0817510276801,0.33606256727503103,0.6777357574123252
43.29724928677672,35.44819164718318,37.90297666614359,494.09606049859303,0.1760937514187175,0.6255658286274112
3.5842751418163177,45.53110961576219,41.83930979091578,241.00988335311786,0.12011960087218645,0.4090689206857343
95.97745223292203,32.94078808614522,12.930925215377032,185.62026497071733,0.8785034495974834,0.5818202250483007
10.300268413015878,44.59180313434199,42.395837100316704,302.91647723735673,0.1771279474927323,0.5322920102039441
4.107909330484693,43.980637251714164,38.94449072026212,402.3489138238361,0.19990987608852004,0.4181941053704228
24.606661150493846,48.85658304105772,3.457166331823147,120.12599688763942,0.7967712680637141,0.5422169118684531
6.5530433918382425,27.467620977722564,27.513075532634,125.35071457676811,0.6308041885754064,0.22406938778164806
45.51178424117624,41.28858529657737,75.19069747402169,303.5890070434234,0.44885802499626104,0.8055749530085853
51.60878012571124,42.707584929424584,57.79455714096253,469.93991042715265,0.6192187245806796,0.8113204086332773
31.25699490285839,48.088354784139966,80.61674967560302,149.21998787938173,0.8479878588243283,0.7203426639982249
5.096048257488606,47.20707254166594,54.26880443807649,188.37733161450655,0.17950184914856476,0.46832639572922535
11.16003682492267,37.20577585125345,85.40837654752674,496.66665073014474,0.2949688217402658,0.5094682288623396
38.45043779899281,37.37459557591939,79.60670996017167,88.1110826032579,0.7882403227765927,0.5826788345648903
6.052845082653613,25.01873685212688,9.828457014224712,38.48408418765204,0.7245114762408856,0.144756766129593
69.81897256099134,49.24888107271313,97.70063680159925,294.8776194403031,0.8954053772457526,1.0
20.702054152481196,27.650523881102806,1.4747446901328787,12.133494210816497,0.35112705205775396,0.20856115105262632
30.20715687836385,41.74208655353876,59.683803792961854,90.21661563741135,0.8559091177108361,0.5472527855771552
39.41257771780975,43.87385014415938,79.25115093167622,311.10459034523404,0.3749510650360034,0.7607045295485938
41.66096330691479,33.23646513834143,33.18941398509034,329.7562003456665,0.6720745529483946,0.6518112748735514
0.16607076748005323,26.33581160087174,59.85697922971579,255.21262482380985,0.8061943580972691,0.3676175197019391
11.207037099869755,25.668811526590602,36.21225308474483,191.87402311469165,0.2366256762066894,0.29301922740966563
86.2764563740878,45.69488002704775,6.061497500750191,288.09879221092416,0.26451092402816023,0.7259299173181866
0.1233062511908134,35.32269460245544,0.8461519089330904,321.6928765166194,0.5647669184258773,0.27336287136868864
50.81673558128751,22.704109461148,9.486203011118832,401.74102314582535,0.7750598160284113,0.6435919378257658
48.95020065072081,41.51058418288666,9.840959412004679,396.3754141049237,0.16315962817768936,0.7003375613807686
33.30941610106378,27.505131584150888,61.088977739375,332.4003827574739,0.7807046478047228,0.6635583650356065
43.13270201464496,46.29184252252638,52.58652309625133,447.1162916142328,0.37449642363607727,0.8044928311479994
78.05811375265843,29.287153580899258,45.546330017314204,419.0126267977094,0.42498129117800143,0.7191390676151331
84.12037062149564,26.008124902704296,69.19214756024175,66.6230041089701,0.3718888765500449,0.5615944034472511
26.034854341525005,22.54575330664803,1.6826137012448394,478.3397206617417,0.82918392368615,0.48902720359926255
32.249044096772984,35.34593409912942,27.09834814157309,445.8711511589602,0.20463546126627127,0.5317624017907048
24.248285302833274,33.52212763454862,77.73927312876279,160.4635897539799,0.5594195849410747,0.5089879676335223
47.98634005510651,42.53936433809429,90.99771065171186,10.092209303519727,0.2184864645006334,0.6424859986448963
68.3258357658813,33.93807761579109,43.83365962375816,301.98797337914374,0.8428757040758731,0.7354113580245842
22.825287546342054,30.31447906773113,8.148398013846636,219.20878843319403,0.7383450508284956,0.45374279994114497
33.073574205486665,27.849647468988323,79.8728739228488,374.78333129306594,0.28705541940886226,0.5937913264266695
93.03846175891505,28.344402364099132,88.51704332727336,262.2998822543113,0.3382226144705228,0.7040322259897868
4.8569289846958075,47.835437054834415,41.366027069371945,38.245217625473394,0.4052122623701421,0.3422816880668944
46.07696052395662,24.95235806263437,24.3355253920277,122.34371012738792,0.4243341402363492,0.4811217068767275
71.15580415967779,49.64529273671451,4.39716682229453,441.26187806326476,0.7538742869056442,0.7692395250027788
15.045401155747406,29.80758365576674,59.10828218948559,18.84484785752505,0.5516266842473523,0.3251176816965167
4.737402000548185,22.651707062524924,90.98694905624993,368.3348346991435,0.44235945191338244,0.3966165454237872
13.820537163853075,27.46071142363595,67.78880255203256,145.97175397571615,0.6755557255490823,0.3938122873998011
91.88231935306828,21.752431386638563,31.724859789473435,226.31990152124854,0.46629190107504526,0.5643374012300196
0.9259781821123414,43.700893074917474,64.28883242899668,265.50271595580426,0.2025920135078324,0.45891779965429974
18.832197481135182,35.37658737623316,83.20684074480255,125.04067865360052,0.1859913474156227,0.36524425348347844
3.128351290164455,30.109598566004028,47.58300593494579,325.9802214988314,0.36076534383613745,0.31311427181951657
11.062946756220327,39.861488138946875,81.97484899978386,346.7211090489381,0.5822961900921377,0.5563203920898323
62.014928662829625,38.91939577850961,39.190967666635416,42.529739835387545,0.20787306211858755,0.5038601034427078
24.163890873908578,48.19616267682771,34.85056785957706,186.9635379257103,0.5401073365579259,0.5718692059354448
56.92120504306768,48.83781550245139,58.2988625878554,372.1886506031458,0.31568771584698685,0.8805370340922681
59.019538276612614,40.42051326996216,46.468641769448126,360.81877992056593,0.6563307324866334,0.7990349704415731
84.9435333089779,44.534477817325055,97.71119204610832,272.3016719526196,0.12261016094109652,0.7963698203240388
0.47413929118739206,43.772753010055354,51.63894235281747,388.8373899340071,0.4752187451844584,0.43489813238261676
85.33694593423668,34.739105980996996,38.51720289160215,53.82244651992163,0.1418113192113861,0.4729870283566419
61.9119086426974,41.13374864100251,39.493354312853626,59.105633922265035,0.36440622022025637,0.5978553099279121
16.27434861049576,22.347770230507106,54.79399506131166,328.7446501481724,0.1124601154295033,0.4717878483121988
77.2937388135284,42.74063249450921,35.491203800819534,346.6669339475644,0.47527900846234505,0.7351424532840828
85.54915417905858,48.854990215771025,72.29066019649359,407.2634276605351,0.7136126947824093,0.932100447185502
25.42634837541573,22.549242593772153,38.06629277016409,90.51843888662853,0.18017603019675565,0.36299554726832
91.87936809026809,45.08347353775564,38.41443865252431,258.3858297155526,0.6881781535952217,0.8567412575642771
45.44574302986578,47.98940079947813,61.69732493768046,330.4156485677912,0.5673562136738649,0.8339375875150435
60.342445433332145,26.785666694061863,6.084687269600996,111.84978691450753,0.5036842185088161,0.4641793774968557
98.46495336176436,35.74433562827611,65.53549181151462,258.4639327969954,0.5795866098241933,0.7245044745423168
36.15360786391994,47.83574676388965,50.49722171586871,319.222512195298,0.36871770538335646,0.7384403122224318
81.31593458201128,48.80678013568904,45.302611428664164,107.22475573884016,0.6682716430146315,0.7345661803966573
31.839911782845963,23.83647153056949,71.92529907079513,187.7817051250707,0.7237326735366179,0.5626345071991053
79.9213522241491,30.47012676666352,75.82557820048609,108.169405067854,0.7225790924695019,0.6830264036969576
60.07339188626425,40.9443392345257,84.62608634124594,451.47145221429935,0.3155678315149507,0.7715301707588563
21.635569522540145,26.64675498157791,37.48031208174473,118.39944096499589,0.623125607751882,0.40792011646295656
41.402609378923636,29.743118859034425,32.70376922533811,60.41731299289849,0.21847658059622113,0.3960206231140422
31.76356343635617,20.6987318001408,71.43421014945194,17.57765576357184,0.4963356908770137,0.4280098519858775
7.810839308036388,24.605650427935966,58.18048591404459,22.476736205675085,0.10210340804761407,0.23668463948668894
2.9834770099697483,36.869884832532314,63.180154635181665,95.79311748340847,0.2548694072066729,0.26338765358985433
34.647865540718094,39.59270198912549,55.55229071058353,304.1042556534762,0.6053872926660845,0.6595456282096767
1.903414781748658,39.46735493287511,77.26930232038545,8.824937255561327,0.7994892041625036,0.32514605836209826
16.548775758177502,43.350814123346495,19.004088849215318,143.37196237857358,0.13922263886881947,0.367126871280099
72.51833208508688,32.45844241216375,55.57121327413967,29.083445661649666,0.5468422337394641,0.5439097435252298
70.80912356835879,28.204721487234664,15.81017889436298,201.82938514958383,0.6094200160840244,0.5689985805170543
73.85803864573826,20.46742100127575,40.72519392909919,24.288368914928803,0.845912784946197,0.5529778499646376
31.715317112997877,26.198894781571607,66.39938234160748,303.77088831041397,0.6241150357159653,0.5670906144765893
89.00194571176955,29.371634366061116,49.30716083141704,344.21213275950765,0.1824261619765907,0.6302878940337557
59.38305480284476,25.346205694413968,37.959153667218125,365.66877482188175,0.2173953940355844,0.6006450997835541
12.602634174662652,20.60433414489807,88.4970001415606,112.17169932312754,0.6086113031095982,0.37216781953979317
14.371866145553414,24.723428259955746,77.28257144974783,434.25008098087164,0.2724957414105862,0.42687131206391654
69.30954269297015,39.98298660702717,52.629078500037494,345.14408366546326,0.8426443799018306,0.7786288343527779
17.294393644207805,38.88756249417787,95.00531556754879,28.325109649910196,0.8365497606287089,0.392208046457573
50.72927015820433,48.070509181941276,42.43652894349938,220.38335435071355,0.8589246881257707,0.8810469394608292
99.17744759287108,43.94504874191928,78.8072927588106,383.8782466862406,0.3343620862497547,0.8207467885413939
0.4007604733339498,37.03268350523574,16.793623980141792,155.44696336011486,0.6735599263682531,0.19378674546844832
1.6579801897556923,24.12669042479634,28.579247711059697,190.77938695363238,0.6304111255478796,0.26286947732337607
99.30845819305065,36.9221545677547,33.808558133395486,314.8019136482714,0.1284830250702177,0.7024727112140509
58.46388341341655,21.847851827425423,10.582075270452329,27.740440057948902,0.3124520610770237,0.41609821156772914
12.690997551851313,32.926546922325585,50.180481507606785,483.4675202539587,0.2654133837435747,0.40830514486976743
89.73021997540937,31.707758868415862,19.226013412649568,87.24050530486393,0.39664688139067195,0.5225965239900487
88.03803001276921,32.834414280888254,63.41858894496586,13.335999823130162,0.86244297323618,0.5903916982906757
53.62004131113752,28.394777551843617,19.00923595730183,2.661491020210127,0.7764813111666706,0.47782722542177153
62.17920298607565,40.57491342871471,12.350625733927533,199.77718749969787,0.33473967309462155,0.5966781394245653
27.318719150087635,45.22833401896338,96.90867275989245,442.12668273768884,0.5240252248794585,0.7436900806466694
5.051969637200515,43.05550977796933,65.82403058111062,409.8810396089645,0.25381289726932954,0.45074840870592936
59.45676088908643,38.83256287372641,93.64509147084885,456.0228991248475,0.32194719383675063,0.7645852912182493
29.475519320276298,36.150343979990396,48.9887791993232,266.8911596644495,0.15200259921190762,0.5495920952000184
66.3621046660352,20.932525400240912,3.3402463063374244,224.37311693758215,0.6140852007334693,0.6063133403983514
83.62451768426013,41.688019960757636,57.43711704314439,192.93048805339726,0.6255366195970631,0.7511667222413634
1.8160543914364058,36.34948818735492,55.83288868357085,23.20903789565293,0.7708012966427548,0.17006443280656014
59.57137746857274,28.122231519916607,1.4975605936593972,454.76062815257677,0.7972414507418033,0.5962854253477972
23.128053968685226,29.83526116560325,86.12420444018316,248.08804614236374,0.22804751935497825,0.47970898761944814
87.38884979038014,48.06820359409224,61.997068061642466,227.53371552575507,0.6944327569303897,0.8564686656401904
25.36645065618285,38.730867353516814,74.46911693761461,257.58374350705867,0.20776610626186587,0.5219264186805784
61.07701332354183,34.277373039725845,49.39211061575146,397.0772590571002,0.3989720093966488,0.6751179966367318
55.354084008961145,38.62765219125223,61.8402437908263,112.23554299128196,0.512429257247377,0.693404631188082
39.61665000592489,32.41226974956971,25.74698932285242,354.95033949746164,0.13957593126966084,0.5515748244545489
67.7620763599794,34.105468196090484,97.37577677686473,355.38487042701644,0.22541096923636347,0.7291058957924674
72.5769634715434,28.70927770123011,40.07200075476651,424.77639112909145,0.31689287999203053,0.6262976268438356
56.69377953193868,33.19559901774934,16.232662133762908,4.341799231935006,0.20203386370735146,0.35436461709145534
75.84222371847541,40.56776697313731,5.591541837462732,85.19777161756603,0.8472770177650665,0.539401357342333
98.34170759929376,21.198257752594078,63.61719330853711,235.52342602237775,0.3306553504696931,0.6089817154074979
41.92723879008051,43.850822218884645,98.33798511764557,425.2701937307392,0.5009373316071309,0.8138464254769838
51.45830518855309,28.489386225839382,89.57944968462816,482.558430813992,0.897227390340549,0.8012393131662756
1.2469877941213237,40.476793802974996,70.21045674864136,297.43430733970064,0.5533141415449951,0.438059692131938
79.60285563103784,39.2817594404018,99.05979289928608,106.06698771151008,0.42919661999366776,0.675158693209672
52.02300670459938,39.578841474239155,72.28282620421065,92.29234791232282,0.8438339247394281,0.7365629576918769
40.79614303605652,38.24386748767409,33.9251123401396,319.7219769931337,0.2779982042932868,0.6789648940922245
9.40719630893958,48.77305514208605,60.121813306017316,105.0345735297023,0.24360059267096634,0.4797149281485482
88.96564216753973,35.250324880861726,7.976664248556153,276.5437119604431,0.5282914952326269,0.6002403195890069
39.50072400405564,41.96957346546054,22.168249022254084,417.4059645719511,0.44184139026511215,0.6773254474940553
68.25815982092203,41.16347993703733,41.75402359284922,194.90982423104504,0.737588861852372,0.754721595246696
14.937415636815077,27.088027318349912,20.181849356304525,189.2360948709646,0.1336080330434938,0.2217042327520522
96.15496295410325,28.49917517560477,95.35010148281707,18.070168445536883,0.5941806595289759,0.6159269160504812
17.84417618218309,32.720512944709036,99.55975267446495,127.04228921227745,0.6685433143183012,0.4101208195641715
19.954199289949038,28.33093791389628,37.093592012166546,349.0957298096372,0.8775334086591736,0.4809343322702482
85.89828605577138,31.00229296789879,70.92289860771986,180.19562256609822,0.2166105601918684,0.6141240667751496
91.25827441419312,31.728818417849176,40.77707306632406,79.14945864496097,0.2969945749675741,0.518525299422695
21.21474075233014,38.11593682815032,13.95092043862064,52.88386688016355,0.8459545852553938,0.302720727632081
46.98008881748279,26.59670128205185,33.69268477021086,47.526689075354454,0.6045030763866405,0.47562475164803
73.34949045628298,44.128755976300624,23.33716987156632,329.5667165589476,0.1304392261884093,0.7442761786736394
87.83657338108016,33.12609070314514,32.807822040741975,306.31073939677435,0.1618752018046232,0.6342593239850732
37.90526950373052,41.18732335049741,21.502168839771652,259.26050280104243,0.7283524485021347,0.6452511132557367
51.70194868494292,22.443274437224538,11.23451190582464,250.16322407956972,0.5539795987651326,0.5835190910482108
74.1716410519735,34.098961823731,21.742842936241292,76.5684263439358,0.5523323852950991,0.5178579851714659
73.11359766527954,20.84658596531985,90.57570318298428,250.30211238004364,0.8038925146490283,0.7789498100450176
78.29601300260849,40.27729975446694,8.522167577652873,29.968888300189956,0.2928783354969826,0.5155033327156979
56.99338186415264,30.311302309912087,32.47566437552345,462.9292293013439,0.228344785457616,0.6465546562351621
10.461509680477521,48.47758442317486,52.84498945026353,29.01377700130342,0.5910447580976644,0.45862982069726405
90.397329087804,29.723726438042583,35.45126561783568,211.76509744695926,0.8059384781231067,0.6643735200005008
86.55725393210282,36.9141769405318,51.760709501888726,0.285528201586116,0.3122005157340946,0.5842793304314566
79.8097435818333,27.72162727083844,4.342006023435396,393.0752193916223,0.6450354918330816,0.6591868225787108
9.986247716072949,38.60337886842021,64.85696333643777,83.08509426781502,0.22190322548661934,0.3144736531420811
20.43973670814292,34.01127050399704,56.34788015560602,462.45800891083906,0.23752695666331913,0.4451327492946876
74.3600365107652,31.118847845168986,68.09662658546915,21.98887393028226,0.82120804629019,0.5666270211208552
2.3140094581946435,26.1106804724054,56.7257815827237,410.3936672822134,0.1943719959251003,0.33204256059948006
97.92246337072797,23.34564031914366,43.79035824256632,328.3189064077941,0.11947642932415575,0.6593972416690035
37.714468035568075,23.596374018700196,35.01415422940825,124.86785944294526,0.7199523584886274,0.4638856035509309
71.93125336908236,49.971200525166594,22.64351900997762,101.20980461529744,0.39000763882014433,0.7343118872504208
88.75710884880434,32.36932180571704,50.00677268066126,178.8389666885112,0.41732684176170476,0.5630344705678921
39.462988815008224,20.057891236200184,2.6052452377506974,414.2014415876775,0.7398860359265564,0.5061386060290033
31.913248859966604,48.587863718780426,32.82408280993258,430.97827416772776,0.24394863326187854,0.686450796627223
60.87411288982467,20.59939772689438,67.78722935645294,87.64268976216289,0.6202615532168285,0.5722788987306087
58.09893737480507,32.557583766636014,10.871703968635927,176.72401984216535,0.35082266307010757,0.48553570885678443
40.91399776247972,41.52432757911968,6.289124231952858,118.74569195112694,0.18341476851747532,0.4635742994962188
60.177475586770846,47.43797733115285,65.21786052913653,61.32142381894895,0.6499968391760703,0.7211592444987076
93.53813695664948,41.38658874296303,39.777472114235024,323.224693764464,0.35493130764074887,0.7455344374881324
46.76402566265965,33.908772647000355,80.1825036549381,172.93551161776765,0.7932832834240566,0.6533527254101071
19.67421807506313,49.233261169523104,93.73113039713239,112.69202238816706,0.8352285201855206,0.619973178315578
37.72059828830039,21.179581490998114,95.7040453732577,432.9988867509881,0.7792414095367622,0.6918223574251401
39.41069825931186,49.60676607614024,42.55928538941792,374.1589654517832,0.3578813979483696,0.8166458158524444
13.110869302621985,45.48174655125317,26.43272242750323,386.88057434817125,0.28926609948772497,0.5541430342667342
16.28715005545549,47.86790051379077,60.8613738742478,19.597945591640077,0.8142405139262399,0.49861950858118603
68.45620733936772,27.6431727229261,62.819292592823636,457.5652246155331,0.46235758710116903,0.7207882258847768
33.94777542089027,24.273742168528095,62.23449360758967,287.3691889871176,0.6661917788464126,0.6070271301509735
95.48983918558076,39.899458381181006,32.17786137188811,251.9014023422594,0.7617313611285075,0.7342044647641663
24.35967453586074,35.4757831395836,6.375173641730303,5.292673013890581,0.322149323894258,0.23626490940659448
9.892450510482231,35.695038822331384,21.000483882559895,448.8311052170523,0.19527794234783213,0.37719346987836283
75.3504563000258,47.73857535449653,15.441942802223373,271.9452352430003,0.5998620506746287,0.7334232038355896
88.10360519178701,38.60242719959787,12.390034578331022,412.57673117026764,0.5721538046105801,0.6714441256453675
27.811335687148787,29.3319150531377,92.6283321071573,327.7554803691469,0.31616005812686065,0.5864710516965569
20.208810164547796,32.00199669253628,1.3847645973967926,398.3468067554402,0.5677653771082738,0.40004612375651755
18.576613487108716,24.004875052755537,60.18577392363217,346.4658742789012,0.7322858035826744,0.48793800991195546
52.20123013665123,25.76942120827068,94.74737957401368,460.48195116791334,0.38000878587530196,0.6990198782103159
46.841664124677095,24.300502106286153,36.00531274941279,112.74209316977485,0.29385417514045775,0.5241380960193168
25.94398398545342,44.30874023634064,52.70980891724625,101.05005236645358,0.6800009708876449,0.5172143392570604
4.517311698942638,41.146204039163564,69.57836634751597,356.270780972561,0.7286976133454358,0.46425275257241394
48.14913403262807,35.91035052832555,31.716969465823887,250.69740029173448,0.8634315502951363,0.6878232040454572
95.93323476356083,31.23103500882712,47.765198770724915,299.580585167435,0.21806865833397693,0.6748564906535122
65.25192007526633,40.054828709730515,81.7102850332752,354.2712345956135,0.8114112815105557,0.8450626213570488
49.55065566286184,44.387160430872825,74.53556652802635,273.7140985000013,0.712079048951922,0.8380183387374155
11.069207402961611,46.43699647015127,80.84494114928407,393.8467238330981,0.6615199263447102,0.642726487422771
25.243629054958728,36.41048684619001,98.7340163627656,159.43367796792623,0.35044290335230255,0.523312931663335
29.477394957454273,44.59655365459103,37.032747493617904,429.49522179984604,0.1177543609505233,0.5670666724947824
76.48035526072343,35.339178602380855,74.70912629357731,53.83817646280037,0.5060403952955539,0.53417882183477
87.67107972646193,34.23590267563672,60.27845671019829,317.0019884805934,0.32861550118857297,0.6770506967631067
90.16418535664384,45.96295566866301,66.66047672211963,445.06625376339883,0.331856815141353,0.8535475070131535
98.45686082507541,31.59121808793992,73.98739048329345,126.34706395085232,0.8417108617541228,0.6422400623623089
98.23666831045324,31.87738037122107,74.97313169463148,163.41733746195646,0.22237511364256735,0.6410415221880057
95.29991327679814,29.147340358547485,88.57451492948196,152.72088924636944,0.847385903672443,0.719217534864941
7.182214050288438,35.5610518488385,34.93216752360554,282.1318558875169,0.503045368008592,0.3700095077407207
13.779353592780518,36.34550101068382,65.34813561119105,206.43590778257425,0.7706234208487495,0.4684224938155054
30.44665264760329,39.81383435931371,28.029043159685585,53.97964249745119,0.32687005715352835,0.40670190318951344
55.28982540644615,32.91506930328711,59.45687051169751,445.64361087823,0.6071365312677881,0.7224805280636711
9.69778887054793,26.53511875650798,75.11751401719279,102.33831457933707,0.5452707165787335,0.29267571459239583
84.57969578021425,46.00526187241628,79.10010861616404,267.04000549426485,0.839332871534267,0.8761697348757158
61.67561790773091,30.38002601714043,42.01245029891227,297.4024479686307,0.24343874147393685,0.6108579627944503
54.236440230220495,47.68830259520524,50.872022320135976,20.37592182377085,0.2636559117939837,0.6500568049994048
16.531132336729115,26.220599990793673,33.38498511701729,47.856163827168615,0.8591715195628357,0.30310437556353836
25.325547440019736,36.80172428708691,16.903634653963053,485.8448552147758,0.17837169662888402,0.4073554356702581
16.031202498225806,36.09845280588357,26.05174051925322,332.2561700746912,0.6077459752351971,0.43866391730954124
85.19331577947986,44.859435437809864,91.21370048998244,16.78258852321346,0.14845129057220252,0.6312361707290212
58.42278600612182,24.165541602524893,30.896954240931596,397.0996103264994,0.16159264649648267,0.5920150735452891
73.51294275196334,47.29811518752384,97.47593335456102,254.27140463874275,0.5777189943213775,0.8725005558614629
29.603286291002572,35.942845165162105,24.147808521538174,37.599786039237806,0.541094369723247,0.31063307993186196
37.12526370882772,37.58328151743099,72.30710874810448,340.37604902389563,0.5584209590028743,0.7039382978693024
40.48549644265338,35.30498879893301,57.39032935718357,249.67590293423424,0.4789216772399544,0.6043744971010834
76.00149717440348,21.080747205087995,69.68700495247985,102.45990055546162,0.6938874724652838,0.6428149036123635
77.23529876745681,34.912719854197945,64.3957946609181,438.85113604440977,0.8937508290919188,0.7468123073352253
20.68135275140317,27.906489880309717,70.67485835975891,145.68992915012709,0.32062499711228454,0.39430336597250604
94.1538856738099,30.280645411334945,90.55470484354589,142.27831772665388,0.3587517338519588,0.6869288644273688
12.06553374436864,39.47304797561419,56.346949606248145,136.38679089613936,0.3584396338745718,0.32782658289829153
89.61220824236304,34.93091388422318,6.78487829039952,383.7278885445256,0.7106151570446819,0.6723175998015583
10.03956456498093,22.796546380023813,27.082543444689954,353.05933519026604,0.37841240089898254,0.40853368213293323
26.453981115131107,22.19123824285277,70.82189804087639,451.5728427351787,0.6413896540661205,0.6050824169270179
84.64785360679569,25.56973086852111,49.407462797567334,114.66960979213987,0.4567100456095431,0.5548422897533556
17.949207234608743,25.72655439716671,54.85519826196869,393.1822977714042,0.58624373361841,0.5299293828974857
41.356793130996984,38.249022709140945,59.65804553802915,286.52278826404796,0.7632122982439195,0.7023602712930535
44.98592999441262,25.334433921366283,38.262927298456994,154.3398048263339,0.5112469500433646,0.519488829296066
24.525897302320963,46.451582698243115,77.38955250878551,17.727066203875317,0.4801385606773645,0.5176583112580312
71.02452013359866,26.292819818402393,72.35348838965486,409.47377492555506,0.31357966688424244,0.6999149452454709
85.13346494022038,22.73394336279148,71.42994121931139,120.53568575667816,0.512723665455827,0.5871619364219897
87.45751398555718,46.2723804907894,71.53101740349447,315.87151810745974,0.3099298183276831,0.8987122810314481
33.9322145736561,28.85982728230199,89.03580016542479,274.4339680299063,0.774856164574367,0.62476364658098
53.08503942878144,32.76267889501207,59.53927794432744,2.2247693233919397,0.41109122148926713,0.5033390381758275
24.84064038656515,48.770791520373265,96.70721994969583,497.1718149698812,0.2032861054679631,0.6845104901757652
24.479650155014543,48.33107657473322,11.91926843906379,407.16467790006436,0.29197402234108805,0.6015755897580405
16.125406285192412,41.44750667794753,63.19589765938643,243.23563531834102,0.527665173973805,0.49758273409658915
94.00190108075147,22.06816855197664,71.69265459357955,340.1706851211915,0.8330300126638019,0.7323121539415849
88.798882860558,37.80020376234192,47.722041095435955,238.2971182953863,0.3404491988598237,0.6664459053318588
77.73587133276922,49.67233805126774,28.820838645693648,372.2931356393654,0.31150896327944927,0.8625303107609517
51.7661521287729,48.407486852719416,55.003745271109906,67.16427290944705,0.4252478678481083,0.7324118931095595
49.06079155118719,23.180074775598285,36.47476802907027,223.17549761701517,0.8742035826337172,0.6632933658381815
52.974566618249796,31.87901909271106,90.91240710678164,167.76858853643,0.7761757395690831,0.6855657842484914
53.65680135770893,29.46610237708518,35.679241253325486,229.82762174701742,0.21973436085975326,0.5820212199794568
43.456308469769034,23.89184320714717,17.57069927021291,225.2363264301821,0.5910026296802113,0.5701312534963354
13.175483289206745,40.84394933746283,57.638914016545286,71.54697488959715,0.7334913626752277,0.3823724759626042
12.566385286853599,28.2154509308071,39.599259138036935,488.24428535451455,0.7144082730961901,0.45868715983484437
95.22497158456832,30.345974093758933,9.589814480084103,7.746071394064025,0.4910763934036927,0.45933099725459137
48.203075958635054,22.71076630104254,56.48423509979084,5.036472408699422,0.6854651085392337,0.48999202815966947
95.32055249051889,34.93902676335997,53.78464111657014,186.7206592668289,0.566869288474387,0.6111802055832307
16.357687771010998,24.745035909561693,17.31970866331951,310.18817467340875,0.2611559862817622,0.35672300157653913
55.441655203993356,32.962712707384675,59.76381689598429,89.82661340746412,0.14484291250920692,0.4924169780965981
20.771725335153924,24.300266663099045,56.7358973857489,266.5970019520805,0.39559974404026976,0.45499111203408826
25.318460612660154,48.61549669850437,77.3612623041591,361.38598398173946,0.14955120155803192,0.757820159361366
3.0054578761178785,24.34947599591428,36.15699298426344,47.03030452007556,0.4160107231367137,0.13041990936864709
11.895331074021131,35.656614615519,24.87595236636393,492.21120400796667,0.7631032012566079,0.4547307931306128
91.68484076291958,25.909394759569626,95.12198869707755,168.35032386964716,0.7754353187228652,0.6767737473801257
32.153299148233174,22.290854104178276,56.12175227827881,321.2077068936245,0.1272591370720143,0.606448362379689
60.812921191459154,26.069258565262945,2.7139958884180304,55.35992909328785,0.15562837400759533,0.3871038071276058
46.5014131989273,21.643223221713082,82.07116841117433,354.7431943606632,0.6358936700729958,0.734779800905126
40.04512452452783,24.181921493629666,19.675806091894078,420.228173531243,0.49999895595375987,0.5399024117336002
53.188609134606814,34.80452473289651,78.60363176458435,52.64257116531118,0.2194867141843127,0.5337945052129929
18.72389446153415,39.554465631727226,70.51624271559648,62.93157718503311,0.7444236941856746,0.4805535539598534
98.86038985195765,22.620194452153505,96.88137242631572,140.52370719361386,0.2731969301651376,0.6352382650330923
81.83078687038629,33.230558717128055,96.55793015945262,5.967907687664642,0.16251940375656862,0.5510950788760901
74.16146327315153,37.437410685600554,27.441062465575992,493.0256471686149,0.6996057104800069,0.6644436932825954
46.87592970139525,27.026770286331846,76.64495812234185,299.19203747632486,0.5865007797055712,0.7495970942720022
15.287712212633597,31.162352345480762,31.685508577992394,303.79472498177273,0.41555419098505897,0.37883643366906267
92.06658582735679,22.15504609200826,62.91979388295943,479.481084825818,0.6541809630268276,0.6932731544422461
34.138706738172765,26.603932406992847,59.77460849545931,416.01462715971354,0.8291045509529623,0.6411217773570984
5.010668969693377,34.0025877775682,5.454351562116466,407.12146548417473,0.12734595421331818,0.2648923373904962
34.240367681062864,49.71326536775967,0.5181749835357574,169.7511849508128,0.6021435501402683,0.611813208668575
79.44570304958843,49.887951888174,5.776401459480951,167.43169673232273,0.2745338376124479,0.7199380452071366
62.27087449882082,49.38865043372864,12.79420475317411,145.8689799063234,0.4793102079531071,0.7372218032904534
75.08385847448596,32.69259158900983,25.765249134777367,173.34788088815995,0.43918490310669567,0.601885466539628
79.36353838623774,22.42041135243995,90.69552232425625,184.75438067992528,0.4119837342676238,0.6286576705975375
21.19546110805426,29.707203117480006,51.86326753466864,70.00184449029668,0.2522848801979696,0.36256872609405166
92.37833160931802,27.13143126112932,79.68917388407887,177.9739313510468,0.7421199491559858,0.7487478282064783
43.79896029203726,20.42379724729564,83.83117521072082,223.3735176223638,0.4036164679421602,0.634883146759825
63.90136492641646,22.857008308651263,73.49430985905411,154.67366937332926,0.8097570087491839,0.6218385609506689
0.23087725867420028,33.59575805147198,39.13851244205719,82.6734840787739,0.3837346183571927,0.12698500213573827
99.3368498411178,30.18987391412891,86.38593938409828,186.70519908924882,0.7717706757433227,0.6877916588724868
28.08963859641551,25.410611649034493,74.20497533209206,240.4538866082179,0.5355730652197502,0.6100459442259241
6.206310654015523,41.48299911976241,74.31514434050524,360.3641933335642,0.4085001878878337,0.5105874772749335
45.826204153651396,30.713467876898555,90.15743271655693,355.6188807373352,0.6632257716783968,0.718590482740845
12.903005718204174,45.556035672396334,59.86634724576837,101.3475155416621,0.7293236996827378,0.46325289599052566
15.232671015757571,27.22931480789352,52.857442996217664,18.327697584118564,0.4861526322195855,0.22688846125607498
63.228281303021014,36.15180470259874,89.01625575970753,151.89976090353463,0.4403363427068294,0.6868948184647675
39.29273915702333,25.524176514475474,45.44617281641968,78.5681524294754,0.5619351762978577,0.46607097170448025
92.1852450154995,34.859018491575256,81.15706960288429,197.89423960784703,0.5681307028045746,0.7517374486452285
31.915649460807003,24.573995269351585,5.384636044480773,489.67305957630214,0.44038337268374994,0.49639035797021897
72.61801283839011,24.847358731145658,0.1289944456322134,90.53568545261048,0.7061303027541102,0.5061101079777632
46.109943015490764,38.36670131126047,52.829248960435685,159.43697171148446,0.4197771582030464,0.6077196790984059
65.99513011292788,27.913581265273002,7.361189381638022,362.5571581597862,0.46239867430599424,0.577311187375966
59.96953567159904,25.171016796927418,97.65430134530637,254.5913914309608,0.5842545794236099,0.7019456228197928
47.27839727589982,47.89304750405219,0.5501174039798773,21.964071786692465,0.8894791215445318,0.5664007694800326
95.00610946244372,21.29009752220153,71.81496364986464,80.84500908066083,0.3085488888112824,0.5967164600396075
34.271364275495586,36.95444338087661,24.338469578622068,467.62477738659794,0.2855622399292199,0.5286021938422857
17.723550124927257,36.44791525499796,96.75520052720562,51.58249636951423,0.24150981321038617,0.38048471602960693
67.80940608798282,27.518266232091793,38.154165062789616,317.5463936048529,0.6515553714465068,0.6907720287066083
84.60075613079087,33.583152353384534,2.728342626386515,396.16282442045576,0.4592757099347262,0.5922586627448341
4.0253739939923765,22.632133492479063,2.693576540878273,132.71953136246196,0.4108850720594198,0.12770818370395354
44.96326884226806,41.63810437771657,55.33733717246886,362.53900156934503,0.2632722993190949,0.7423846593845997
89.24876896873263,26.650914451304697,98.67119790312812,84.94758951509013,0.8129107019226707,0.6313638060422567
74.96186189228675,25.80156079479668,97.97735350457194,142.37513741689517,0.4545384281779087,0.6674361189343836
99.18077164976282,29.44635434832509,33.72729722892658,155.91101544210372,0.5861546491890632,0.5543325039082783
53.141381159724375,47.07109760789426,48.2703649188897,498.21749528211177,0.19002366263402273,0.8389405017964883
65.99957188011513,43.89399944850628,10.04558057978161,107.28614760897864,0.18637777334792088,0.6268094511279615
30.248028113792813,48.40676873401273,52.217685599173166,64.6037323167925,0.15388363333119665,0.5550354693992753
94.75355996659923,39.55887038099256,59.97015990482731,462.8457187407052,0.3938768646706349,0.7861754182841052
36.63354885565363,39.88764533096263,25.106166561132103,80.96534691017638,0.47830928175352927,0.487642042205331
73.85107126866286,34.40092998278651,61.21144359151738,439.63995981470265,0.2956625195593895,0.7512804532255596
40.31402041190819,47.15558970100926,89.96927516962539,325.228313823345,0.3797420047018477,0.843393685351147
56.18189300629993,35.32631447810987,0.09553334234805311,288.4307490352594,0.1050080272190158,0.5783167190225073
71.97825350215462,30.65180212385074,22.893377430794448,375.66935577328843,0.3808707722091159,0.6299238790481724
50.893415175135424,39.21125029752996,20.991956332393812,362.99947857402503,0.19533706786467803,0.6418119728062895
90.70863269095085,36.384184802028905,12.388620303382702,55.26309470915686,0.20270758269911165,0.4125520112681419
41.930098792781024,23.720594459296866,16.610121273710188,499.7330552033445,0.10360487804800265,0.5730228787115743
64.70717981433252,31.78176241737289,62.59125453653876,470.94486322436427,0.6571044528520855,0.7028182664009425
34.23624333000541,29.3997623328344,10.269439015064263,448.29598143095814,0.8450270192395072,0.565787538380737
40.8156668231013,45.40501325033395,73.85316090207216,311.1445669712034,0.5972364486817258,0.8351219982372324
44.00501082335524,31.36527670919326,88.70225905583834,261.3956656661571,0.17696164154232774,0.6775285773753629
12.580701831228524,44.64665697916678,92.6587724178369,268.13929194083414,0.8917195595140033,0.6191771291086166
9.17236790590067,33.271687817028365,66.01758143197009,7.468472114116221,0.8804681367012107,0.25729343817128414
66.74899231467579,42.6050169033683,19.739641063361603,249.73475097272146,0.474587628525991,0.713711804349453
65.55177383430522,24.058457855335696,8.529657553990788,311.88478382995993,0.18629537472503677,0.5758523951900111
66.29097142100953,47.73950658975387,23.20249538069996,329.3531043874742,0.6765914477177636,0.7940930613757855
1.9766445342691674,34.41679672396755,96.19571857850426,166.0697325256565,0.8691745635867497,0.4196228893858739
32.65468426717799,27.79394736878919,96.23452017507121,235.64117514677474,0.7229596833109542,0.5842306299869815
19.780984725919694,27.244688190944206,38.191888391834205,318.1553033312872,0.5993622836567848,0.440203930822255
77.81514225440124,27.952318657249158,32.57915410975506,214.15275513759084,0.5886655218968617,0.6054568965251561
86.06304013961301,31.00172518753903,51.00105822590654,481.06759949176256,0.882334491364503,0.7714461903847624
24.668037722614734,41.5255859802685,29.16880914674007,352.72105492600014,0.15849546945581558,0.4652230899305605
66.78491588479864,48.488091287023806,97.96624516555633,0.6368731254452475,0.21964481567250094,0.7373267892484612
12.936280345827445,40.07112290370897,22.122139002457743,11.639740741126502,0.764649155791745,0.25652848279608975
27.515252560171334,36.414988128323024,36.91426821827686,345.1501017341872,0.21609046425580722,0.5102323328369371
13.865449623341952,33.45793424051404,42.93708757001783,206.32254877275136,0.4066371895432237,0.3354970625082863
28.352076659922922,44.845834011128495,12.506402308116215,419.73547460613315,0.3251994048438003,0.6454692738666652
67.47365473492779,45.4897160733821,38.282482677012986,86.50770474313101,0.2947557731523146,0.6525285190744166
91.03269101852524,28.791130232984557,85.67307201019733,6.913457026145931,0.12057756088674135,0.49542398092920104
20.252240792418597,48.60260745960291,14.036100145675846,194.04117505685613,0.5530010108278489,0.525079617580336
54.20790349507192,31.853460896191464,58.402195082618725,368.03205215372446,0.42099161666676876,0.7042923896936376
70.13911012434323,44.00234207574583,40.66371380600168,485.8638666887843,0.541272170109609,0.8057332063066912
95.29224684855657,49.004596342466996,17.053672611745473,441.82693967552774,0.3436065651980029,0.8162271184053558
61.00604828871739,41.10974302566834,1.2336164449205822,242.03730596856943,0.8531686840434101,0.6804092053293884
25.51069310273807,24.846521793535814,27.334330348990022,406.4086415981833,0.573077753793222,0.44581962400458347
62.54781569139362,37.584108655217925,6.182896069800192,35.16522893380702,0.8689656372258135,0.4961797317518505
32.049116167801614,23.563313692867354,37.67684712967352,286.13617379244164,0.3800047634069269,0.5419455783236287
97.61283906917078,43.67426119606779,81.02098556993457,462.1492065072351,0.10183162987705768,0.8057434947439063
39.967613516363684,28.439455216216487,71.96852608776125,198.19257374536997,0.7250124519699525,0.6395273471139582
68.54277207610141,40.85644469180056,94.73837117017669,480.0503148315578,0.7619030836485138,0.8552277815775932
2.322758234675848,47.30269022390597,42.70154173370692,110.34254836455266,0.1469627177602688,0.34208633402824495
40.006144613475534,25.430295520105172,70.78013985918528,52.81690476669676,0.6002953827698552,0.5438208994279389
87.51076133225116,31.785735158035003,66.53417221020203,262.3811680408505,0.6288142936320962,0.6604098376197103
61.022744443324584,39.41356364220699,21.704630315825955,453.62343599061217,0.21658709363805226,0.6509427794874659
44.39428863959763,32.589757784285034,30.358250523265852,155.6396093723721,0.542019642282065,0.5626163053084581
93.59374994357259,25.24456824874146,52.98295333977603,400.0801596994762,0.29455910454395495,0.7337004228610816
85.39843761472291,20.87214842506391,79.66573190059219,84.59863294014048,0.11316136256361294,0.6356682467368829
32.22156738229383,32.19794431105889,46.18127344629326,372.7851980004698,0.7935288723008943,0.5930044125280953
54.45484020413396,39.476270797457616,22.774153617552727,278.51347069371553,0.4933561369811713,0.7011333308814066
48.98242560924627,37.21952624457466,99.34656902803698,87.50848769718611,0.7253592807285689,0.6778684172137703
63.220250011486236,24.68723719281927,11.557880635366846,359.0436247188043,0.6783144257832869,0.6777547269343901
33.41112669587556,33.5208033160216,95.58889074913279,356.87805672821366,0.8949642088116233,0.6827670657925342
24.420500076588823,31.084131385437587,80.90462884304887,257.71761457172016,0.4503627231209546,0.5655759835994127
91.2671835255536,28.226072068801997,83.88935193078518,112.73381882133732,0.44204048540574215,0.6331531417681348
92.38744994985063,41.87813731581168,79.49175830914994,66.14694612249828,0.3254044536409362,0.6830606720768223
84.3322885761979,29.28956090081553,20.8170941304622,478.6275242298946,0.6001177707225718,0.6214927514598713
97.82044307645613,36.20425856999088,63.25823773952418,327.9062691295776,0.48889000044422737,0.7236785651579556
74.49915257796886,47.696706058088495,75.67498124509318,404.620741786692,0.6830088977133351,0.9137978177713952
76.46672285619997,36.178279467607474,74.56857921016514,348.4852645251208,0.3852093587531419,0.7083805511884513
76.25900919626407,38.51068730481683,27.15653705440776,414.7368325961445,0.20467579328746074,0.6186470936436576
48.06076309423065,22.197379585026543,18.11193877636814,81.24540987446171,0.7899483616955634,0.49083484466007116
45.64521945142717,25.34402431225209,32.81229839145492,248.4751122735222,0.7624375535717477,0.6150169560570699
24.022627614900316,23.028535978943403,47.98444803773918,333.5623852511467,0.38080014969259535,0.499360360625158
64.48191943592904,42.944388450675206,57.378074706367656,51.69494994760898,0.6522813740095994,0.6798726420080121
28.932013610233454,45.07763242750527,83.69503623191605,74.97847466420416,0.4939223250204895,0.5919140772247308
25.78084097023544,25.593658795837328,76.9034227704616,316.99129712547324,0.7087776777048801,0.5878302369308344
58.596137409605475,26.57815252769273,67.61505256665161,434.35290212691,0.41210589493161,0.6905350235823265
40.99823882250432,29.69621868478349,26.348929294276058,330.2080894707988,0.5285113883129837,0.6155551259406328
21.88566087946322,37.73232850861506,47.88804989349433,18.102406728037813,0.1462528832517978,0.3030596594466015
81.60560167528311,38.65388581400059,33.54358741279611,485.2164585451615,0.2399279852704651,0.6725918085958398
86.0569919294376,40.60261875624373,23.492817955053415,69.75345045312254,0.7254124862200824,0.5822005375340001
16.769951967778095,47.15578268640388,1.0245360383479452,116.28111677624486,0.405252385738302,0.3774514240024197
0.7507032799999869,28.851204214896143,33.946197057069064,487.4836409523621,0.12808433938367214,0.2657922586780384
33.61299685293737,39.76276967620327,25.61162677146215,385.51649832668744,0.23410902856955734,0.5533535273080135
79.75108356807526,36.791685373330765,57.19023269668166,468.2883401892533,0.4292784256684916,0.71542854464419
83.91738662343245,29.175117212377014,6.2301770283712194,403.3098464040149,0.6743304856134176,0.6487872791940804
13.832907011604922,47.222455597810196,27.05195967102011,325.8672375016,0.39078803344578483,0.5618110135026632
77.43359011830512,22.864502358776527,4.476948998841534,142.276499431503,0.6961486035030953,0.569262261562563
11.570416730942945,41.36003080496154,64.14179045134361,163.4407208497627,0.7864484698360668,0.5100163852591658
39.00625901565292,41.83621139067806,56.81895585686249,473.63553652218485,0.3729092913645701,0.7667124228837228
99.86095150119158,47.45979583069885,33.74800230744732,430.3128080778223,0.7403004566835403,0.8702129154609273
19.259082323090983,35.55741777054061,14.73346004355438,179.74522422116323,0.20150453274415164,0.32614481021023933
15.396358257762643,29.648670146577377,95.79198327687351,186.63370881035192,0.4322268200573277,0.41079718902119183
42.28003325467935,44.832220095800615,58.43924473886134,148.84719513794238,0.17804991702527406,0.6784469866648157
61.96685259698614,43.12430845497178,67.91133665720679,163.06507131250197,0.1420223910358206,0.6888866477091773
93.29007824132532,35.009468432584114,53.134875326945185,430.33373314439285,0.15162190198835754,0.6208026614731988
98.08211455330343,43.03572126901433,80.6533247646205,5.253428294923424,0.18380162166530917,0.6748150997174369
6.964063659139463,28.036268062317824,89.63800495481213,218.02631055476235,0.768580738733119,0.38348194535148283
13.799751734790533,37.685189912104036,38.27105435976298,471.4198392639539,0.5349416989069521,0.47081874480803965
79.07379738959939,45.95550364363626,69.00253122306106,271.31817759140444,0.8579105502216086,0.8657130268564861
27.063215227086047,29.539535138495374,22.988748454639698,225.22289507195177,0.5304002410500108,0.46953505944544244
88.48490595063606,34.5064994729223,65.18550471620385,156.18490234979404,0.6029690658483094,0.6745314957340302
66.34532572290868,48.53134562518668,39.915562997655265,36.95631493095192,0.24758716891239443,0.6705312166909956
11.184480238067717,43.9463552591521,0.6781599401304961,112.24323901375644,0.5324648165069668,0.364313897287067
83.25292849240071,46.611170609916584,95.55278684226207,45.22920496843563,0.40824203904266143,0.7260127276237114
17.635638000807585,31.55741182671339,86.84415455387189,63.349714857714126,0.8451482737122962,0.4672226770401403
42.34953946796538,49.895157789036766,29.08365503460284,81.75827206313491,0.8471369726254336,0.7111849022955489
55.218492855933,24.57696814051439,99.77573142328605,151.01471604213924,0.2587988900017928,0.5995398195728946
50.07661490802783,35.56311749648927,31.712767455653413,5.508339997767731,0.5961046911506928,0.48234056930844565
68.61629156151504,34.37820146888748,45.88441864590747,475.07194279662383,0.6105406423767824,0.6925122884123026
65.26867348692552,43.95296572400403,85.12590261744171,61.909546338487274,0.5500280635664143,0.7081359918158902
99.20420055280549,47.25853317545036,30.459635132804085,191.57443617979354,0.19946376639611946,0.6685074154691772
99.94219092241879,41.93418130724179,45.05402843875,439.7637798573903,0.6232122550726895,0.8008592159264528
51.64594026356409,38.80448708390908,66.55871671232555,53.28398509538113,0.7392682279393602,0.593400978443705
9.519908696086398,32.82287572545511,13.046755477242822,241.8021258770604,0.3761808270825041,0.21415930893638763
72.78432989687184,35.30977751227202,42.23503686917177,422.3917987706979,0.5116413615553258,0.6741647878818241
97.66640782165892,35.279009396744655,30.940993736162646,278.48131201707,0.19306235707942232,0.5940181226627888
31.832638762902032,20.61105421053133,67.6774305864818,105.17179771138002,0.8445509691896221,0.4784471720374499
46.12088858375738,35.09137414483033,13.596939006037179,367.7547657062907,0.18763028253785602,0.47522895239651236
42.477692481545596,45.67912400522374,23.27314791009374,340.6705314337539,0.26670168533459765,0.6845142020267632
5.141915455692936,41.278220334267445,71.13762037524828,181.09295327346214,0.338782780640028,0.40248370847480347
67.22644312234448,43.87125866375014,15.62243697241148,23.14758079068757,0.7606321913456175,0.5700458396320773
35.33376950684678,31.71454969305563,42.20192622398897,3.932344948046951,0.6605247364018839,0.4067593454443931
78.74638746315023,35.86919710738874,71.28807220926188,412.69644156358584,0.10561155040248203,0.7475954046520643
83.21200752819861,21.004507069913014,76.54683844300052,160.77868077953428,0.24684923772752843,0.6408870562473903
82.12307865978454,31.489938265080305,9.488117867166846,68.88494930295231,0.7001209433535215,0.5145174436946511
41.666599803988014,34.23248134677932,85.19956094194782,259.27561308149103,0.42306759280064987,0.6900971673184285
32.15456822408995,27.65626698797245,72.39723011299664,460.41664786254506,0.120970825973808,0.5423580436158778
74.88207796670548,20.937229369719496,33.92945886933138,4.2404322611988565,0.8711335026560197,0.5167314812669833
80.1389433842723,40.71224326336856,76.380285233024,28.071770338207237,0.22098633035244966,0.6400441455185145
49.12574463913661,33.0526325254653,72.8298865340659,208.52246629253617,0.5083733120374622,0.6572097441159791
89.3031019536303,32.470345793367024,60.089122650838554,337.9829533775317,0.2986528781158747,0.6688135932810011
14.390869607855826,27.499602620855267,55.84811734058444,238.0502293835251,0.6899754561802877,0.44906119958545876
87.90687796589602,36.13491196994052,73.47034888995854,448.7742192327023,0.7213808792378305,0.7305782855380317
9.609523297188128,33.14080343812194,99.92599017054545,22.042277768739073,0.4177763228199145,0.24109900971614562
15.35255220546139,34.21953419087273,57.85522493158853,170.0704348218718,0.6267596971672255,0.3719999813554256
53.384001327396035,37.42614045309146,80.8717871762248,175.6739446943604,0.8272588676371884,0.7457058156617665
6.7518480187415015,20.18973941719206,74.4273717315583,170.06361299317086,0.7518472947940851,0.381942105249388
5.280710140011036,47.230877106152676,85.58084020338256,243.8429560616953,0.4319181741159318,0.5867682469014003
0.05187441657055203,22.132621908352437,95.45248613841383,395.28852259730525,0.45318084311731033,0.36802510359682233
43.631665969426315,33.527742419479836,19.30832074608152,158.94130820140867,0.8095026192216165,0.49927170810329596
77.46238812922299,26.221186257181444,16.54596363951163,372.2416033161013,0.12749824034107438,0.6094908649206817
3.4838350279915664,35.71347108109626,58.635182841490085,73.23273563953569,0.1182492578510611,0.1805275031932705
65.22576064658554,28.406903263914135,44.929506288650444,280.3624278169751,0.26463627325201766,0.6295096193629054
82.31273174161865,45.80019494187812,57.072269291916925,187.54401283277255,0.7620973157482749,0.7465492324331757
16.800084857787112,31.89079501887261,79.80427344855086,269.6054011477853,0.22257055009376067,0.4779529758708499
14.686373482140425,39.162666673053124,93.17144800492464,53.87487518612472,0.3282234279586821,0.4232844770901277
86.0800973620536,27.46639184443637,41.74158251985581,476.73142338045426,0.6032549521121406,0.6577122949469324
82.31246099500947,20.582184514820526,71.79326455436245,453.10705840088895,0.24739424804910462,0.7400029041959435
53.89417662641869,32.12463606839828,19.679918784140938,413.19815214531445,0.34249307299485876,0.6193671975900515
81.91998792939803,36.09459468674871,53.455194935452354,446.3914116940259,0.47353018169855376,0.6592136653448437
9.275607742449477,33.78641453785251,2.1804777780519924,73.34393509074305,0.28248742701435053,0.11932054379074705
39.44815179387544,48.8604309145658,50.3750567133097,251.86088650983297,0.8939309471823464,0.7840023718294712
73.77975561063728,41.20517521538085,54.533645912549986,158.95457937826168,0.2307568138570143,0.6545358230414329
25.745195932396335,49.87009401876186,73.54453357783312,443.6929706520793,0.7799496839362025,0.806960689282391
75.23289144335527,28.85180270941916,64.94847902069917,94.71884124973323,0.4760798651989754,0.6379999639674402
50.41786043908139,43.67159838821439,35.839673430580156,109.97267757098616,0.20329894377615076,0.5835313384359142
75.0265987948233,36.666754026398415,0.5730900713121323,343.3572281775054,0.19478892573006448,0.5782335015677627
46.467963785732955,38.35281063345498,11.548587362294892,44.449829543834085,0.5002368448406843,0.4444109681764699
36.79043402218176,49.57559601326983,97.30606535174523,366.1835884583199,0.3828161371753682,0.8021165482050614
21.918921647863232,39.61961599253351,92.23331583153058,134.0636441570612,0.2876818392903949,0.48603470873419
20.837934143501503,46.96450677010753,32.509316308114535,330.4676826335737,0.8671513097325991,0.6531067947258578
75.1490810571396,41.77250704157741,25.885293992388767,436.5188931803302,0.4707037925065527,0.6814913289615969
11.89103480339605,23.8215836517425,43.641629369003745,304.8056866174953,0.8430487850978622,0.4499146930388046
8.598235011094513,40.98271130966938,68.99400296120729,106.3418666430545,0.23119978085185508,0.32717356081873794
17.629136502213015,34.52946766056446,35.68276726579737,24.5827627696083,0.24677285378400982,0.23172976960438366
17.53465114539219,47.56393978947027,6.729384773115554,22.306985847532935,0.5768221527539613,0.41351778563020797
82.31076228068997,44.20503341571366,40.27950924443964,44.40594100700396,0.3159005140934581,0.6233439096224663
39.85066234742124,23.124040628216758,26.05889944814319,289.90895623485795,0.24795028448900835,0.5512082516682361
99.03884573604824,24.017469309606753,32.49300112112118,174.1089270203256,0.17574830833064886,0.5287088532266159
13.72112577906124,22.088330053958167,16.295724578730443,121.55348869794908,0.1610165362457311,0.22574570632043064
65.35398256936433,34.79734624233852,65.88400694456475,109.6532788985956,0.702534708330741,0.6337857964539545
44.87295072012506,22.42315277622059,52.66309332452249,474.29076595154953,0.3257305170958532,0.6593519970181927
39.2918176697074,41.71035009724082,27.086311729535428,59.4082879460372,0.8827353226461079,0.5402033874582709
87.50841990540823,36.57075744351298,55.38624813062414,152.40720538632735,0.24649690198329985,0.6075684313324756
97.55956458283997,45.076550526594275,49.2707847167238,235.7386310095966,0.3835573200190784,0.7327546931054907
87.28589587741787,28.393873660139487,79.5974856566028,0.2247630371277065,0.3999268955858668,0.5173577139461366
19.230067903513305,35.574223524834224,95.59842693402017,460.4765937378623,0.5001222341894639,0.5635058049843754
22.079792120893405,23.524390577316332,13.067050897865595,49.54929538005193,0.7965086951835628,0.3170039869260356
65.60738790950633,46.53830007950842,88.39134789079829,341.23530034308624,0.7678161679713499,0.9334335755824281
28.90835816381917,25.25014886869515,70.47969382849021,314.43273858124417,0.10796506469103627,0.5896734115752116
73.47251307805799,23.07086754051215,69.25535452979048,404.5319275523686,0.42740405356661015,0.7378347775938592
56.642065080964464,26.1515179556955,37.43008971424723,325.6938652810762,0.7623493848324656,0.6894225311615683
55.09087684904029,44.186944661689445,34.390819546492104,384.6937086079897,0.10015824626136816,0.7103986241737855
82.85469248387858,23.174435830540485,0.5639484822516971,210.62430439426376,0.5269116577745951,0.5873267696120581
71.05327717426778,38.43282484514498,98.22048746373078,244.3522472758116,0.30758049706656154,0.7625400695404344
2.6577764997291697,42.385439018453766,60.65058323730488,350.8310510822097,0.43021483939368055,0.5277676259413847
4.945913714601568,42.53243481448614,40.23286239239254,284.21336052752554,0.4362437599030464,0.5085958505215347
60.15584524560157,25.701826598243933,54.37688218921786,255.76927513335994,0.4134035525740115,0.6252016502476084
48.61920756222755,21.84871995132836,4.052703409626246,102.77920302727466,0.8135600977690104,0.45927873796657726
26.01846553429914,33.464191513166526,17.365095529166886,129.05413040318768,0.5291708871756277,0.26774599113323116
41.865608731480165,26.07456035733638,62.33599249634025,179.24862052969675,0.8229973790623878,0.6392889294212618
75.79103187328606,40.978124270418135,51.426172968362,4.6421927117515915,0.6813939258570808,0.6170610662727577
82.661148465793,30.700783989662632,78.7074822927633,208.6817247901185,0.3808960567792046,0.677720654840706
56.12230678900442,33.48061823099396,65.8742690445337,1.3842378819564072,0.49485094523916395,0.48713817730575265
38.5369480857103,23.404547993051356,60.14356759793872,282.50771796066834,0.41188683056423336,0.609383976869233
27.069676149510702,37.02650859644575,81.52657043053134,352.01438448617444,0.7628594225602573,0.6483349547721085
52.19184707692535,25.56572568895722,6.826310555190062,281.0743158075632,0.25007824957677094,0.5986718044600756
31.4749618564381,40.36956982744811,69.08867964312853,346.75998660243795,0.8491298258092412,0.7145628617067903
56.40951370472229,22.135064676436812,71.55907132890155,0.006584278103738406,0.5643395954015329,0.5605256466503145
67.66523825096377,49.276837768439705,27.5163549680011,29.720986642154777,0.5894063631744672,0.6669817037923266
6.607921091939484,40.53580935757435,19.564963648739443,349.23122043777767,0.5134411202015771,0.4435391147572028
0.10674650227472382,25.451887034357785,21.385247545599917,401.45007397838526,0.5435971816359341,0.31415618515081956
21.227713884074294,20.422839363855672,19.81408634319942,358.85078544469724,0.6341403331382617,0.41355145027482043
89.45114977187811,30.033886766156563,52.37821909035946,331.5061212767758,0.6240282040806877,0.75228859223218
64.62907632285592,24.58439792156622,13.562631136582848,353.69133190578003,0.2713176710959714,0.6393288461721441
17.196035193702286,26.55233999358638,65.92858614193504,369.7949628980829,0.5659521286984592,0.5145478003534784
89.02639618236188,46.18250775313668,10.507825894876955,362.18874918378464,0.383701152550754,0.7655939233327493
46.995594028734,38.09613980152548,2.68896403102562,369.0042388441699,0.609624244642303,0.6860136013102307
47.60917566786607,25.293729590866985,31.92902424458711,37.00985370759041,0.538267664214335,0.4226317663719948
93.55419438426551,36.69978202062346,19.185972373304104,31.635775747312355,0.24374394696999407,0.4913391060585885
5.948669218334002,27.673419602749796,98.86620554100823,180.55997161471947,0.6877871340312288,0.36650651138404333
21.517827462871853,49.286025930742674,30.29963006172174,263.7983572743978,0.4656107579835922,0.6531989150560029
58.57713251547224,20.98271690791086,22.206408602551374,381.3095269608638,0.5411532418289097,0.6493636157277461
19.548650958200408,41.969552665034456,19.676982349921456,167.35390939550626,0.6381142919398504,0.4047551889027071
67.95270092089578,43.18991078574282,37.385290480349035,137.55853831681742,0.6222974191337096,0.668336069950737
21.40922893367202,22.014882918731008,60.584889533157785,390.7241540592648,0.6991430560720356,0.5640274482125576
9.915697059881435,25.156080926940547,78.19452750462824,124.66842572699748,0.26540138291449394,0.31937080416019953
20.698515964083974,31.529199773118727,36.457624774306844,410.4206884072317,0.18831298698988555,0.4134343944578585
42.273403427206226,46.04464479587203,62.59709800427894,88.5667748600193,0.6353436597394755,0.6642790341735367
17.61382991730799,36.10999815255498,48.205989827938744,179.7367614362384,0.2887879573325457,0.39645374174036796
13.46920249233473,39.65920550021872,84.64953462533984,200.53780471319516,0.19168389483986134,0.5117864676462412
86.02818862189409,43.490385063705276,56.90417771584352,149.75522365382145,0.2049899942475264,0.6260097814748221
32.03972035973079,44.8436836501256,28.989167187910013,1.6784569435063235,0.3502400991196113,0.5300453609583854
36.07586865182536,34.28853629251043,70.35872571782559,117.75462891062394,0.8934296384393962,0.55841212793734
5.527040950122764,35.26379416320444,82.00644880229959,168.82677943943685,0.22580826134966803,0.3447452786471414
35.73696235020542,41.540175712633385,46.54406567639651,156.81244726333136,0.33882924983877427,0.549967906508136
26.480717732157967,27.900270762068793,98.7197238882319,392.7777482386036,0.8365873215057144,0.6189183025299724
61.04850673417885,45.63469209096573,87.90968791913134,23.683881268236505,0.8706464505126421,0.7504251841402315
20.53902976724067,20.623604734275247,19.695466966549148,194.47434982762036,0.28307468892121446,0.30718636460672166
88.83654530628405,25.87314806629174,78.67558721562374,18.757727789720626,0.8043621576405261,0.566287650505435
92.96666209195551,44.005998291095096,60.09512443497661,465.32378306450465,0.21113435561841093,0.8394087973187611
9.98310571767902,30.207746356780167,53.48112978078346,395.1047185155482,0.7092291290404126,0.3945113659059868
10.740295628857721,24.49498498076918,51.393858657956834,491.08079961900677,0.11040652851789723,0.39581738033686903
11.532643811098797,25.6026426713421,85.3411142782429,455.0802658480093,0.4252957033927681,0.4621425697358929
61.956925631031204,35.922692058082085,61.087278890344855,157.9063860580422,0.2978681653739106,0.583077734785643
12.19689642096229,45.385445880349636,53.77059850537337,345.7917061652901,0.6632064113272982,0.6501493555741181
85.23823179302663,22.119521473133318,4.885990675804908,153.2770437392042,0.11284490508414775,0.44399534201384194
75.42715149378924,20.91442727373948,44.830286975855735,444.105593964812,0.4719213648412265,0.647345864571818
81.98088582380241,33.95504407510529,90.80415620455076,205.3764349836707,0.6573832197959482,0.697046764196426
52.60605268860209,48.68562245160904,71.17367293446189,187.94377095211607,0.13736389860014633,0.7819010809119322
99.66772115191534,28.37029410242379,5.095397805615343,457.0343721166667,0.8179201457039779,0.641537305165763
4.417510294416127,48.77511617201145,88.39922821510423,418.37014380992713,0.38895792591715916,0.6081485591789899
40.12649641861133,46.63043529770004,82.6667221377054,483.2067766821508,0.23221266579379407,0.8162189541147069
32.393666893763616,28.494052291625334,54.668421156952796,33.24404278722343,0.28037159682436863,0.37574208738224407
94.8645498712641,44.5084419276844,2.240546518228148,121.66943901942994,0.3711247430243706,0.5781408329800933
57.68609584975929,40.576019077064565,56.24296180338006,150.42887393352282,0.25870008145783374,0.6752604897907104
80.61909654447253,35.35467166714272,5.45890499264261,212.17603047738103,0.5084630031321623,0.5539106067261204
17.034119365851886,32.68748429128624,32.03789596374804,236.565022974268,0.6063453891994848,0.3827859253674686
97.86341439004389,44.465082677763704,62.890961890273886,145.736214033369,0.4467440871066598,0.7803533516202839
49.86395468763152,43.79238298085063,91.29130838821744,395.22521157251424,0.4416257199160979,0.8568026690712953
49.36720762706458,42.708090078276776,35.779563725947874,111.62207224252823,0.7253596154949621,0.695141944175374
97.08847285457378,49.94767853645888,86.00237828834533,348.25865664955654,0.3408133703663081,0.970188870936031
38.0732361217145,34.35537382824152,91.83610104005163,425.8841577960487,0.5982150671257936,0.7149643446273547
39.7525024554993,44.207689334597475,2.1043880457314312,301.8491195797932,0.814337268034778,0.7071508969490187
58.47527028049366,45.87435100950435,23.94278377525315,177.07946294641042,0.27721149207680973,0.685639185971006
12.805261054778693,26.348077443610517,70.98622992274987,93.94562109832566,0.5959205840195658,0.34303723023658317
32.108562641185486,21.26199326159183,75.68430430795485,67.173097201848,0.8583774240438274,0.4899642127168298
19.320832244513053,32.14245206565739,39.24168502170541,372.08736957453084,0.5238362039643636,0.39620073542333156
10.32834791070496,45.70210053310328,65.67546127728549,234.56599879175798,0.8815181789577042,0.6042279536406003
86.61446063310201,28.673098435835307,61.215861736203514,23.159775583683818,0.34803683534783714,0.5223572416708402
58.933116612747604,41.000304622022725,73.977496160106,491.9197534713101,0.5514351141329585,0.8486211063267232
35.86727915279112,20.22044417192788,71.86584277451217,335.65159149449505,0.3488286009607623,0.6171922228236655
40.86693773667128,30.66093296960713,8.587079799036134,422.0912757134886,0.10297554005392051,0.5324116476438896
43.15190036873546,38.46550084274453,15.825018094006094,219.0943356585057,0.8978464803565267,0.5724642159994832
63.314918214470936,23.892715702170108,13.2727147259316,477.71931040401245,0.29204805442982124,0.5690131772762567
92.67693914889932,46.898207364423016,93.2480069842819,99.76251046206363,0.8784815881893854,0.738712915994313
93.27796196569825,24.688219313512377,91.35426483529892,92.56806146940805,0.6224262613177016,0.6199241912364267
39.14919795306634,47.29380635011984,79.741226959697,445.16736738517943,0.8231468871588582,0.8466155253050219
32.926245959776956,26.491679260489242,11.671856067595932,445.8585320028641,0.8737621976429064,0.5126432153543591
45.104650018525504,49.82836021747522,57.42714699195859,249.50974274952108,0.5542633650735864,0.8529256566519359
56.793423042849255,38.142461398867724,18.723062608985142,62.89317767698932,0.8997530754410066,0.5461441045462482
46.181791144974824,22.530346833149338,36.83839375588025,152.60822910163597,0.7138639274202959,0.5224770082461095
65.87534098167009,21.958317034359794,26.709127663741295,377.07616901723384,0.5190516448748588,0.7283277820395636
55.43990233797636,22.24765088778406,82.89309814874659,422.9959540006517,0.6239546273527087,0.7612851441206285
32.07155466940761,37.69678241872856,14.445139951927322,173.82737387240854,0.2554170858612794,0.39647435192509384
34.57308057626326,44.28737606982156,64.61791686100757,30.616840908433918,0.10882609715227992,0.498200612238712
37.859278755973094,32.08888225311517,98.38946637761669,332.86334078639027,0.3054314780857137,0.640363810030107
9.463976824938868,33.34507277845586,68.70545832536334,369.74852071914677,0.4479766893759256,0.43461086220450484
16.60626324139731,37.67863110993884,7.92334890069597,212.00733793184628,0.2824420694894032,0.37546256377265147
72.31138021453862,35.99121814359067,90.7849501962525,291.5488058089347,0.5112287183889584,0.7563220855637617
38.909671152208006,40.6418519930381,64.30796776895961,493.6857487620416,0.6263553137797332,0.7864616074067843
21.453897256014365,34.1535716048908,45.63109796052035,122.4992996798297,0.6246350792800301,0.3668926088622692
56.26724105748573,41.415820551922025,65.96924785411186,286.48884689962546,0.8150115444265028,0.8445234140022841
75.55395424734273,49.91932227639902,87.9044330472637,305.4802067813213,0.8730552771865678,1.0
25.742236234537142,30.508935267462945,47.71272279152493,274.55359801223153,0.8125560106879107,0.569802911094165
82.67898819237445,20.366463887460526,53.132148281222925,434.5647789718979,0.5961399674775409,0.7485929412979115
92.75048596250495,23.768751366549644,45.24473992179535,302.5037659610582,0.2646113236729033,0.6531346674942526
59.73945290738407,36.60542554960861,7.2591426323665225,253.945011195645,0.8547609273359414,0.6396246554862454
66.89476589915796,30.32773361433956,78.70701269273584,61.50751333058657,0.23988831581384523,0.4881868122704116
5.257599032305538,48.19947781114978,12.641174364183893,351.60459964671276,0.22114190600837214,0.452732322083801
94.55198910219065,38.82338270322148,39.45700102883103,66.05368074735019,0.35405546232434804,0.5871392717072457
39.24847342649438,35.610655578964035,38.68228456077291,13.284946682111832,0.5588844490706306,0.4470608423472444
92.390040054543,43.94118503816056,28.004079208673794,244.2655815317311,0.6451781055886434,0.7464903669747868
57.897752475024255,27.757696131472855,40.25071258944184,286.22263607386617,0.1106341418765088,0.6783227742966638
0.46187988433276095,44.59215620847079,61.80091103824286,499.52703068694,0.7224178173758001,0.5077269067072144
3.8541999323435716,20.091833145922788,31.138731220771177,356.16339722764326,0.24001563926979375,0.2878818897717334
68.04188056699219,38.59032086407153,17.251193769827644,424.29516011378865,0.337187881210417,0.6498908692369645
56.26680138319331,48.04271453137336,86.93675105072666,173.19401951537768,0.3576693806365213,0.7914585274137986
2.6532437206074344,43.6357985610161,97.08326498571354,254.45734128998376,0.36595679911899404,0.5086224452474614
74.34599612223853,45.60902576442078,45.858382387632055,487.1344953309278,0.708294081767577,0.8569220063607699
85.21453370691817,31.908640855145016,32.70197123445858,208.69427607138812,0.13275548976174367,0.5820206458129011
49.64174824393083,44.727168383003786,4.748207777822932,403.64521240119194,0.2572142547138556,0.6993809966444334
46.5757440357255,36.524949950907995,3.6851540610053135,262.99455887224804,0.11785538492195853,0.5386455931534203
0.5473108834627483,38.55620709509597,39.28819956454021,111.98092576503204,0.722639565369413,0.2064779903137272
78.66497124935992,21.767460180074107,93.02420183009657,290.2093186054414,0.8869778706920989,0.7934574326788356
33.07160667461054,26.046550915231762,73.07085434015644,109.03101418516076,0.6276377274132514,0.5069254577932889
87.87636197825395,36.52893246540658,34.926941887077504,1.513494937870563,0.572111344735049,0.46107808349763935
37.3060587558053,21.76403173470493,96.8046425182061,117.94800773667163,0.8264529707108023,0.5692799875569005
56.507791063070556,42.24340419763139,42.87579032557307,96.57191617754518,0.30396318909078623,0.6140129467942049
27.03417881993275,45.20171025565705,27.67927439746457,185.46058859971686,0.15316984411040419,0.5690474295046125
16.058831258491868,47.61087083884415,42.63532447243572,444.2984519046441,0.5079759239777726,0.5794617800671251
77.4907903381328,23.053053775394176,21.154322698383275,193.92653679933792,0.308278962539063,0.5597193945456012
49.65904788462816,48.191607440684,88.56387702007957,422.59381374549554,0.4608652917447217,0.8868649129956386
53.64879237522507,22.02860022887885,36.11733104176903,277.80651006579063,0.46503988046544753,0.632692120471614
96.54159534817354,34.22168647783446,65.79689644943214,3.8073521112834685,0.35506545925445554,0.5197185301197532
96.35799122221536,45.207530618834355,38.90471988271636,94.36835645160757,0.48905966526644284,0.6645240724663738
85.56421217024035,22.109334156933663,90.17314179639625,465.6390226040182,0.40412150443992134,0.7402324247575854
18.760929276503358,20.54693218966951,64.23807517156301,302.08672309885924,0.1904474694255014,0.4807993060717134
59.42726943015799,20.74843156119952,48.82518902812995,464.77342928613695,0.7933805659246239,0.7060745988842492
87.81474246555373,35.33810718308101,13.21429691813385,155.06001015172643,0.6610189715441808,0.5752845357959466
37.446393644893774,44.34790233789989,90.19166628522044,358.28118914137144,0.13304709199987244,0.7409037702557808
10.110616593558497,23.82280013217799,54.68168682717709,386.01257994862993,0.19262914021704508,0.3896387291309939
81.09629022399218,23.73830762238622,28.50529729614175,487.8498013681277,0.17721157656961922,0.6320079283248634
48.17635513621716,37.05640565149375,87.79268918167041,9.08824158448035,0.14939483760706215,0.5424615454920749
56.439268035917856,27.02886802435771,5.44404273944078,476.1186075616231,0.14724542067243818,0.5942589599399809
98.21442963178444,41.90641205434622,31.407691732957165,195.79510880208255,0.22568986634896027,0.6635829072714031
60.72114304940721,48.4890616453025,53.682840120214756,418.9962028724335,0.7782955268239425,0.9224099530251821
42.49793856661014,42.98100219801239,33.981433604329304,272.35645911054195,0.7625866369585407,0.7156825816258148
36.99843678471978,46.315260991367495,47.673425537885784,282.32477151668274,0.7265171802227082,0.7280519763523012
41.76192926540456,35.58758172715011,26.431625233098387,179.68894409322505,0.5917652052308582,0.4858672080345429
11.839908317866875,44.969579126526,13.008309093289716,414.23629518909877,0.6787948425709076,0.4579558392898214
79.47505584175718,25.487095519600473,3.6854138616851717,132.0067854189167,0.6907849686722449,0.5668749730023736
83.77168581870411,22.050436711868823,15.76465649121419,246.12069308930324,0.8114502962461339,0.5584010202783518
28.439713457340886,39.67859330374058,95.29465140248118,280.0872493837377,0.6858744237086125,0.7025832185139266
30.37966184099441,21.55857511274168,57.54031333367384,371.2605467137442,0.6891674464167724,0.5648363946903524
87.43342563348132,46.77444257419042,48.89601252779515,235.8176685207685,0.7432649381707871,0.8658040931400065
2.3970355527955456,40.74662441322256,38.43238393057086,340.1414494197469,0.5450838847421056,0.3538938152191038
52.045744376722766,48.56602176226736,70.84201459833854,242.64704817398768,0.27042303203408735,0.8454632524650182
46.3675714681501,29.416599689397067,14.125947590609334,329.66031847929736,0.16763398205524666,0.6114432823057259
69.01267695784597,34.584749276048626,27.612986765266346,337.0717381040741,0.43523484830551906,0.6666941219196938
16.33917001494545,42.25071095135357,65.59021196637528,354.7207802646219,0.17334853734885006,0.5412488734737807
66.83307407951537,27.283369563824618,47.90643645852279,411.64989693016304,0.23544322524346495,0.6050795718382223
37.673400787487644,36.255464603350006,77.00925389590887,270.3612804799587,0.119072009409948,0.577319083541682
61.8714778169642,39.784018250164344,89.71098439566532,96.63908193494663,0.3401650328292079,0.7039038808051913
4.009500987277592,49.36425963341124,82.33725913706562,339.82042080952766,0.8759982579216147,0.6467425584443094
46.172719718450935,42.341098827271544,18.420771426073202,38.559041746080936,0.4031450181315285,0.519495108691468
52.22508939823721,23.54392550837222,9.147023552697853,109.47751123059201,0.29271408484086503,0.47791313827353527
21.43264028549866,34.26000354149931,16.94406005450485,396.0787643323996,0.42275958171058525,0.3849893853791191
13.962365417912071,37.663123489687166,78.35306916002305,217.53507216503297,0.34107081616534196,0.4715060442513515
18.84743030123014,24.39869428593058,91.38310894927105,249.02208382560852,0.6391014583426886,0.4992684160732154
34.414107806334805,32.95898170943235,92.54488677038574,493.698459241765,0.6075734089272645,0.6604671791043363
9.681014930497145,28.52017449007469,29.821578937044556,117.58624292445896,0.12187432621639696,0.1969192986422732
94.73197957296044,23.56482626786078,84.03413780135584,9.776374767967278,0.5090585246454281,0.510229953841353
40.49940614958173,35.361258003903636,53.62355350220967,55.686304758922056,0.12895975014034972,0.42605578148138623
80.8969602506749,24.968992430370363,82.27918483482073,122.2509298304148,0.6418906131314199,0.6649130097133252
97.44171231088467,37.7161222575717,54.836484238000104,362.9600121982346,0.8486466645018068,0.7857198405030311
8.07352800027391,25.090907967255962,14.589321977911817,387.91101599238095,0.8259903029819352,0.36739663102873743
65.1669467934994,41.70784770808463,7.921955107309742,282.7444770070569,0.26456968967274125,0.6961888778296231
87.14090867412139,25.857248690890113,95.72191492093395,127.52319934908068,0.6941161181771147,0.6483192576741051
63.42344339667283,46.88855302328449,42.58025564315789,260.87094726341184,0.7344527768324521,0.8373995515873572
42.90261213574127,20.786280696464267,35.052064489731784,7.47877796696711,0.7914940264875074,0.43578315410435303
43.10763576379383,35.65992161137208,35.63030847683104,340.9004713708981,0.3076789366404168,0.6368256665255546
3.589888600735891,29.60314297659641,37.8934411475472,307.14877770458395,0.460667876777728,0.35099206646622805
53.46007512892753,26.752295773237726,94.49968278943382,10.898269690771789,0.2772035432292723,0.5182771241449072
99.35429967868474,34.14808337495444,6.270458740317586,408.5058168163978,0.1194475657689531,0.5290309743191567
95.87075259719342,45.26058608972782,11.906128738229915,381.7132675810609,0.6272101022919657,0.8050016543900318
4.039922884216319,47.45831616579946,78.96515154818492,154.11187278415656,0.4451708943145165,0.46738638797170395
70.57970036294881,29.097458544435373,54.94094913401387,317.688325316153,0.2984935044508539,0.6850255606460478
30.17648666969308,24.627308662852137,12.8536757960952,300.7464817324866,0.7776831578396896,0.5836823550838361
90.29891534061368,41.60421342698922,3.446013677833637,71.59013961343513,0.49654451198336236,0.5659439518650866
4.511474570927854,37.459961763679644,22.42343482792274,96.62965055718293,0.8957261417700725,0.3087506213611843
93.58741020110806,26.030484460326797,26.081073771027107,341.60306811406474,0.7346862615511737,0.6562268950995588
83.74757437877768,42.8088736426231,1.4213029574641989,466.77582313500426,0.7953689597887359,0.7684494461636998
11.750438225260151,35.567913057264235,21.609053833719337,288.1421603493766,0.7186657990381374,0.39510364087052285
5.98243373172992,39.60185598522223,73.83189369523997,283.90657277977243,0.1847399191604973,0.46039546466260295
83.4707664326936,30.78017101890166,85.54336896370037,323.34084735191925,0.15202320052293655,0.7758275714434804
15.575767097457938,33.17292683907128,89.82358297697178,220.2891500890644,0.8320630180915708,0.4807367301595811
53.48981529758705,25.410262951248264,38.99140326435434,27.086021750671875,0.21055775043184166,0.4627996376079259
91.57448578787096,42.69547602936023,31.941372590355765,198.2519233623486,0.41298092053940827,0.6588660220819879
56.74481135493233,24.710339724553755,99.98608482078876,450.12610505894486,0.5879288092447447,0.7854469376017167
39.72333014728241,43.34907784253184,76.93404509215888,402.4734001957743,0.2695186799215965,0.7437687445227599
44.50160548539922,43.94023564653758,53.735208090755435,463.7117842885327,0.28022803496622145,0.7901720114929838
6.311717070387102,42.39802892165365,25.477143268939663,76.41579256620528,0.4729930738331012,0.23933782058578834
96.87523213615988,20.582683641762213,32.13054528851047,252.97887851941476,0.38871607316794177,0.6342281075673694
31.065418508108277,28.193996378200207,51.53643488293872,292.36407740647184,0.6412605336158435,0.5538133840796086
18.936349167285382,34.05013228375441,54.208291979075064,104.96275499648722,0.160060956416502,0.34209178645097804
28.60473018403953,37.866331361503875,1.367864427367782,100.48511963448503,0.4910069355822557,0.35669960670523165
96.43731948914788,47.57666298107151,95.94000852714744,391.01646632140114,0.23940793417241357,0.8755694657188127
9.428605348800701,31.26817916386107,57.56062473515635,335.9259585261033,0.5853800072005985,0.4208676210338031
86.73030405011814,46.250699563218625,58.91582444091333,323.59376840758006,0.1929706334082745,0.8042619126753625
70.78438944014478,24.902878644105098,21.14711337538192,133.49372899150745,0.25810549322353094,0.5295908388884916
83.00191791590281,31.13841462525881,76.49871788012479,253.3847121236034,0.7431111862746508,0.7052102355856722
97.58975403678963,21.56846032463969,73.72645200918427,11.534976744663917,0.288133592030411,0.5167280820547202
84.21546555168719,42.274678731668665,9.515797340476407,64.97302630021396,0.6896522710350605,0.5874756017970316
94.33823512778528,24.519582722987387,59.499437225992025,259.12543138039564,0.3184501597505528,0.7145615841241764
12.693525679091977,27.710600469453734,65.81937453298798,154.8361378159564,0.2880220041870649,0.34401334127225264
79.578856516697,43.256997565796446,83.55681745738774,482.8348784482583,0.3393238263050139,0.8367503659116341
54.567569408104774,36.0415015226813,20.609117891771067,235.7423616335053,0.8047455875381989,0.6483739621457923
54.349559507986065,20.419181582553875,87.76347968064059,41.78207817842533,0.4177325274693824,0.5074240450623222
89.89215763205137,20.067056142421915,46.148107170759566,8.92117362765621,0.29500842390717896,0.43601662140027453
97.18038186467113,35.31981895219691,9.65236193056448,362.6289369238357,0.5293115789575306,0.6140325942451667
70.4838323043181,29.148665412475843,10.562122151087594,85.75336902515696,0.4085131294281086,0.4464351301375585
48.29383894717839,25.409343379855315,19.780445367316958,93.90618450252953,0.7321580158173305,0.462940133600085
45.64038579018453,38.407818131483324,28.27507059853085,211.90361132033553,0.8923564946504222,0.6741741162036081
38.63414572231818,26.85309415152281,49.640580445979964,132.03029457673233,0.5212595541326669,0.5114539620769142
36.15990295726627,37.766214490548435,74.875119774456,308.28853987309475,0.4613991181222795,0.6807408993826513
39.15068416844314,31.377978517588186,18.67259020194323,242.84625361188188,0.3744283186511085,0.48758649554614647
8.975323525119528,25.602386530093693,99.26517944995365,55.72530073861503,0.8786709858161103,0.3402263526897677
7.743608526043822,24.14314213606246,16.15219317703126,392.37042395472423,0.48662662080374564,0.3485867677528467
77.98698438723117,27.10581809381864,59.937796772214746,212.92942720712404,0.24239748794883953,0.6206291875971042
44.607289292022614,20.89496324038955,92.894043587134,305.4171597946503,0.8753727243077408,0.7631254646521433
93.06844885446205,29.243808861088056,83.25074228768271,1.9711662663408624,0.8687057007994856,0.5643028664694224
61.22210085939525,47.058640705453826,64.78892016631599,313.2000167182685,0.4485800418680612,0.8800436649610577
3.517598218441975,44.94086377649084,71.54929967908986,141.42492851546723,0.3785488104263658,0.4577360899879963
15.752334131747947,31.160112701589767,13.420562670536428,247.18537160499676,0.6443499573509083,0.40161572850852795
20.581979301300755,37.275008557454115,0.966305376024823,148.86030191064486,0.7631393046284879,0.3916009210069753
97.57360243896606,37.02081677042175,43.41487843603728,498.1303723211214,0.49882570582682195,0.7167967437188629
21.870422615163488,44.86212617581137,8.951892633830305,115.42115735581177,0.36465039284242673,0.415733668839244
51.57556762880513,27.088703045508968,35.77525619128244,456.4298007446283,0.3411152086904108,0.6377264587429132
93.61769316401961,28.89162466379037,22.37427935697376,458.98331591495844,0.3612789817715345,0.5738551292759568
97.71927299143573,29.053563012368343,91.63467223807427,210.50032646718387,0.19442635209792805,0.6194291952959007
23.636043538354457,21.22609969315023,88.00559990080575,152.00155776167813,0.722896349084167,0.4840346623590589
4.911764375004013,29.440635898675765,81.89428485310084,190.51777344939558,0.18396789081530918,0.3265423351989698
15.36018325377585,46.33741329764021,71.39442984139876,494.669543695899,0.41865159594708223,0.6767831998231595
6.332847870255809,47.35962942714443,15.407192910402701,309.39811366880303,0.767954669712692,0.554252921679926
19.51242410923364,23.28906037305651,4.8367426199151575,272.3901189103193,0.42328471655351996,0.3489831611946104
56.85697147037354,33.741756248552946,65.38878578546925,17.95894066971365,0.33580943834076193,0.5427073157476441
91.24487962956418,31.440467047629173,64.22581371750992,423.92151519851285,0.8586029790426138,0.7419716326873752
53.721888369434,34.68077589870164,36.9424284754481,41.9027279035995,0.2012350028264085,0.487804195899953
62.59895566990807,36.641585721760315,47.26866664355971,23.486183517190675,0.8078831222275794,0.5811428593242327
20.18672516095411,20.60776280053238,48.914938823798934,137.429043058996,0.1496614389894437,0.37687087672400893
80.05836206738502,45.26726743763482,23.992813274650636,237.89430252875908,0.430823530282056,0.7187826781289983
61.77889085055832,49.20992219520015,31.41666119075859,447.6444800022002,0.6053768443982936,0.8893386640572647
86.41368291927249,39.602144360109264,41.83895546635016,395.0393995414193,0.3960307073133448,0.6732286159485598
94.88431070057841,39.81356715480108,60.31790299115898,98.8160722529215,0.5276851367691667,0.6848093291308011
34.790077575659225,35.839395734921254,95.58192060173924,186.03976421363828,0.2632013332697458,0.554318627280076
9.057905853543936,30.028202351431453,53.848460951903995,390.1201323094414,0.5552276139734694,0.41978212671740356
22.592895791678245,24.469334725385632,73.11639095432015,263.5462237345487,0.20764697351939054,0.43058258825202256
43.78415656758372,37.52190028088152,80.70011023955533,87.24597101203962,0.736877052871661,0.6103061423959439
94.56936518244733,21.348242105276213,11.35081213085536,198.0276013391667,0.5670319307537038,0.6006687487019085
37.83098223734152,44.735077030756216,65.3124667553941,312.9679022548534,0.4855456918550821,0.7528322903389278
77.077321366537,32.627350984118465,48.21107202544245,486.61283740441735,0.14373343666646507,0.6761729865436074
54.0476692170755,32.442626724859245,57.24309422478922,330.90602742820454,0.4998194687333778,0.7083494023762409
18.280877043097654,29.815125754277172,3.841693576904459,8.097581115698471,0.5508555442889923,0.22753333078573523
32.07341189534516,49.08061666095759,90.62157365473851,352.5041383162641,0.3125340107257316,0.7992538687755476
65.31918850228186,25.247508583121565,95.27841495754501,125.43240372861526,0.6420722727265775,0.6198744838254581
67.28533946848934,24.539234644256336,0.3481923684611754,431.0794571069074,0.16141211897081648,0.5684875929834147
43.47597468090461,24.965945046350903,21.27915920415109,191.9449541130693,0.26695126515879664,0.5469251826430778
22.864560266211463,39.75582448552292,18.019417370894995,99.80751887715012,0.6900388138593881,0.40772090221933893
72.19067795126763,49.75685956188795,78.13045172798513,233.97359325511724,0.21777777514081934,0.8675195082804951
16.887304161271476,27.064255112052642,59.80800591118203,127.59898715750273,0.2964390556980929,0.4127333517945103
93.66696918651266,47.16852191202463,17.733366329673174,117.91074424892528,0.6206842783235074,0.7209490824369366
18.79035790364767,28.358496776245172,81.39709553188604,286.6309003867465,0.6830733630488899,0.565429126016874
10.731236283252043,39.436997603759,35.347487180574845,383.67313542543974,0.1411914036987456,0.424194574823668
49.76477023653788,21.214968558001033,46.085687629310236,417.4771870799378,0.20127153060177205,0.6767994240634323
51.954959810969406,34.86961923728567,38.73066053206454,198.83493523519553,0.4568944046746102,0.6237480146506976
50.81929147782448,39.63709898836945,52.13802064412295,33.401881798469645,0.574235955865757,0.5237938316383146
43.666748933883945,36.08959331667886,48.014246882872534,241.98749923277668,0.4630249874764887,0.6296974509526752
99.48148928296084,27.135061546453734,27.458400266244265,216.89073851419295,0.6176559942494063,0.6030197498202075
48.628061267058186,44.85490844803746,42.45560374938403,98.48947412651971,0.7047943252175671,0.6725452589520078
47.7946580739831,49.10409533714721,90.83371498543002,448.07245057206006,0.8596350780063219,0.9527176004124829
42.17660627145613,33.77588287076196,50.289413647924505,487.07412651034446,0.37990457050355775,0.5808438909357411
6.68257547014629,39.07757795567761,91.63864104223755,25.873594016540714,0.23048381480357288,0.23730487552366125
59.295663114961606,43.71239805036718,55.012704781796465,397.8731899287162,0.31126720343056313,0.8378359216706086
22.796777222318244,27.24467181865382,76.88172932641588,322.85827897076933,0.21853155604143285,0.5394485732386686
63.76089802290499,45.93351145786356,29.359130965971293,130.718129082954,0.41539651357833296,0.6071232302628111
5.083346194847715,28.406027159299924,79.04134900444079,317.57805914140647,0.7980538127212524,0.4462997977773335
98.13871012530016,43.27492410545716,26.432161298498556,64.32159584173725,0.3776479175554853,0.6169550314927161
46.90050790126722,23.362976972792662,1.9549971642973007,34.70325414874864,0.2190581617780774,0.3686100627239492
89.67553715906985,28.65160110242509,16.072894317769304,496.7445375261302,0.5181063056183755,0.6692974560216057
47.55611732329348,36.00859801819603,2.1652875032036834,318.18492922933007,0.8935550533281121,0.6712487682186185
6.033081857422173,35.74766287112946,94.70626418914286,126.61131226661676,0.2505449749350076,0.27096111400893846
82.2213546093807,45.51293553459099,99.99770204176941,225.01697795188298,0.7222999614053774,0.8581140656042078
64.81837296671344,49.88381772915822,76.22302636195207,475.0440911489202,0.7586871548594422,0.9537951102257861
78.17570475739451,23.216325375804217,10.812816375158762,219.36253419340485,0.4210706748008015,0.5169456388152097
42.81698635088733,28.141643984751113,89.89454603326496,450.2222660011721,0.59564115093162,0.6656547898037151
63.793674424664495,30.727946306692274,74.37761832661045,434.40459898923086,0.4458987606009509,0.7098672640352379
85.62290037966075,34.36755223430015,33.22445154020879,172.07815804542165,0.3098615492319775,0.5387730113059912
63.10654428718875,34.81729229463197,50.22779118089321,348.00450203855127,0.44089504005788827,0.6967635057872644
34.76736348359033,45.6858518944525,66.17593412619689,330.24925189129624,0.17623210930405728,0.7588790612579565
66.25295943661999,43.11677908355299,2.405047567327123,385.60593530992094,0.6655648909287142,0.7446990230700207
67.18541886140673,20.5655473711386,50.15409120998952,182.96458213374274,0.7633544253034433,0.6648619188466611
96.0586962506625,33.65065281749564,73.23954332549852,26.11824924906636,0.34591994669638626,0.5313297699268815
37.09123215416692,38.542215147322665,18.82253718963328,85.5196205562555,0.553181459503986,0.4725816498269887
42.50817675141312,33.81186761279071,44.379057347933305,308.2768438368796,0.28571882563154916,0.6048886029027138
81.21229611870592,23.91935768077107,53.253012918493326,387.55009344867676,0.20196836013824937,0.6568020637384164
50.576231474274124,31.924222510719446,73.55653719592323,378.024317267798,0.6308948520897278,0.8079210209181976
73.6573093115733,32.34967085389208,96.44537107931075,291.84079255751533,0.2072860772063299,0.645374857395885
45.9709464453592,25.631477673492764,84.82755480042916,42.379072857446246,0.7255832553649338,0.5164085369730845
21.549514181270048,42.689213434128604,62.15184202299502,8.644313592906238,0.3174036390007393,0.41888838110307364
74.52038427810108,29.642020404274305,58.36406748348093,391.0708786610364,0.7548107144021285,0.7269642275157661
13.115516918470993,37.66961871705848,60.31866930726707,274.68821709493136,0.39480365951234153,0.4199973531173833
19.85836635313081,35.47190542876302,54.51786426597738,391.3560513657539,0.3950740741143879,0.45539071123065594
62.68249827842086,46.32281237649166,5.936288025892356,81.39423073969442,0.7004582085379875,0.6086778391761786
74.72698001920698,23.660447955885147,69.82963945882051,203.71158538557177,0.508212619708377,0.6943296556604348
89.4687886867815,23.427890247603806,71.6336800129603,459.58464353898654,0.26078194112789915,0.7467636570690236
27.25864974158917,29.009590073690475,51.248036226702745,85.79899562358284,0.7803268384427481,0.47131950733310707
11.072425860055436,32.93644904377505,87.0387605402543,30.763451906272167,0.3721225673886076,0.23755786903048348
95.6046659522629,28.956267462564185,67.24368027566786,326.7336918908742,0.1822214086707212,0.6532903354086034
15.442308802214244,42.89561247185731,36.2664657857017,297.26817031087813,0.4328008359383021,0.47976068748785444
19.76669822546395,27.35797529327899,1.969435359863425,476.01525292886663,0.5591694105357432,0.4366422301046662
29.132945355846573,22.54324228316734,5.916164649768008,453.2342105274379,0.587908267151278,0.4863309865569547
52.93913540262874,32.41399429652443,35.17982616417863,374.7151951102855,0.7684862762430561,0.6952167781762323
88.2825566034078,43.20137864415452,46.21053251986829,9.578618939126093,0.5331254590347797,0.6125836164084654
76.0546022729867,45.516858307602234,16.687111950842503,240.19348420328006,0.2789683864538801,0.7078355921426053
70.81575538426351,42.000345450900525,18.93283064226321,448.0509682685194,0.30933306458872645,0.6761360418362613
17.518056785600365,36.73660035499232,23.02113587793363,216.82554405723863,0.18067247063552216,0.36695849213215087
35.76826315259743,41.7257510524753,78.05133395762726,481.0728598064973,0.6887394313890094,0.7496905619076941
47.840492608667795,40.44168605911584,77.12878409517714,326.24399032199125,0.18475323719980638,0.7345214108762781
14.742595348558584,27.030998974851826,38.29389854137788,54.72856377139706,0.5846501058198365,0.2871785103286504
27.34297021266725,36.52276676609581,17.236438158439583,254.63603759334174,0.5775579152372906,0.458762190748135
30.833320395284424,43.11827997915296,11.090838506346923,347.8085678225738,0.7284028455802862,0.6245370871850341
12.727619832903924,29.513619856254145,8.712931204717322,32.684486119810344,0.1597037597483369,0.13944074338827228
55.02396919082576,39.61919440150794,39.12792508993721,172.3247660353837,0.2623290748089371,0.6528115662349652
70.50281965241929,34.44441282556396,4.55424333211194,358.54053152699316,0.8276499016185108,0.6479090856364292
6.993163147686121,35.0947655283506,33.3635037126335,78.53568115351706,0.5577894635696098,0.19439731375326685
48.11231017631498,22.701651133464793,96.15332425411374,174.1699491352613,0.4661521704880628,0.6591747844126745
78.2211195267795,39.9865149591614,50.75046156100387,344.955161233617,0.6981410123698254,0.7920987445202087
74.79901289524469,45.970611060635605,82.26446568351889,387.7704509320569,0.8220243608713267,0.9438172394501071
81.50730962187541,24.242938640775883,12.926594589539908,259.2558969127103,0.31040770955963914,0.6091916280617822
44.824063317060705,30.98316986649348,26.807878240970485,478.4287638500048,0.8211805030490748,0.6276717816708369
82.05570826398608,21.46002364522505,94.65464445440088,462.66542939949824,0.18695570083260293,0.7387336400986761
24.07530712142695,20.888956579291733,38.35518969340236,236.71852695389256,0.8821464381839025,0.4347256085108792
36.08105614175153,49.68975490015231,64.84061284483224,80.13720505566118,0.23188146007968813,0.643020345664779
17.63555764178013,34.804145249191535,97.61267791625895,386.46578194197923,0.31298909488183513,0.4965080164364152
46.74845394285718,30.665570559057393,55.07877563307355,121.569787696572,0.177275152073313,0.5727212788558009
39.206002241544326,28.246312298750567,30.53459492287359,421.4106549995525,0.7429412055092803,0.6012984388528317
24.09271164143122,49.40037934834877,53.19484559520623,293.5721705775491,0.8873856496333431,0.7630873836525291
75.17807092307815,27.56752356565051,5.463719933085931,197.0465031988733,0.3375812068558145,0.47251357233985636
31.384677211164657,41.7712518721323,11.236987409269117,278.19167929127207,0.3604895683214351,0.5420027875846303
27.280433014583572,28.512742874178016,0.7171105052269922,266.40438422896364,0.3231839227040021,0.3768381323660876
13.089033085049506,22.114685160707573,88.42100415650043,462.36642294995886,0.2238624801719401,0.5382748133114064
43.88217018019487,40.49829843553824,67.12804288995956,107.18152488078142,0.7299553733909541,0.6307969020331903
30.2964628837302,20.048925428895945,29.83297651327481,464.0792262758382,0.14857587200729797,0.48506803052907504
36.92728413409686,40.27245534681708,22.11614192073046,15.67052072992775,0.8742193043794262,0.4719243779904249
23.599726262055263,27.511297969694695,68.30766011577799,384.6016407665383,0.8418524196072387,0.5297758397840949
76.31554898199005,42.38312696214504,91.95320647852824,459.83406535578257,0.19475126822739713,0.8021357573350467
93.00033473547174,43.09250502051948,29.91390910521107,197.02609549326476,0.5236190809683859,0.7098442803176899
49.793185278888764,41.72321716452613,32.155910938678176,36.53359349763363,0.8942810869154696,0.6148430314364659
64.29984233408325,20.73450324402831,85.42407251937729,402.333765746855,0.782095399238741,0.709197210763636
86.7172276606706,41.11209858931305,89.33758158837523,421.43242784586755,0.6721069807668475,0.8316956025990541
99.88296373336586,49.704368421672896,91.40365668297785,168.12869399422675,0.11796875635272155,0.8505655670971355
61.351648472983214,27.278761055768687,29.31542080066948,259.2966428429531,0.15470195629459316,0.6109477260120713
88.97794665398688,28.227157166760158,12.03125675963489,404.73453400507475,0.735213678754154,0.6826209748544869
90.8608246555642,44.40579648741618,43.99975719985421,96.02148862505977,0.40115588335277497,0.6324706585445611
79.14514878076223,24.811904151682416,29.576486514118105,314.487878195635,0.6347455019672381,0.707358348469067
46.09313910731102,39.81751026513655,88.38666668118358,215.31532975790958,0.6913453016345265,0.7482313458397147
8.11540004238993,42.65079132501735,3.6634941803544874,87.20787612713177,0.43774734202007126,0.3153673962000553
1.5805555440133845,21.114819854580716,63.38804696362723,415.7201036254798,0.21470540056062362,0.3514861499434703
47.72006332829246,36.61286282795679,90.61813657481139,162.34041609996336,0.40935560246336944,0.5932835205356876
49.43145335346178,37.27631775607649,97.6670366806066,467.2130578275081,0.7968387538548837,0.8315325894132883
40.73623878629723,29.103286921753828,65.01305992980431,284.466934909901,0.364868623225583,0.6198792341290501
56.816735129136454,46.29034008192552,94.992295702238,257.2549906923692,0.15011955407565847,0.8257662619537643
55.216270330442704,24.88249157899569,7.565946262506729,211.65297210967952,0.8673051337478254,0.5484257510913426
83.6613041032693,30.925841285175814,35.92783459962398,200.3354449281527,0.6445415271790947,0.6640417908478208
10.86571032622624,45.46006061441988,0.8714697326733689,408.98313741855196,0.5326854015500527,0.45479695783219787
22.517766610554546,25.719282698179775,98.11837721908184,338.750424743063,0.7632858773449903,0.6312040272557564
79.30049789596303,44.641224089830246,90.27264787666992,386.84506556171124,0.42892854247767676,0.8585052139310521
84.78368672236546,22.372075321038672,2.8052556248201355,210.5420798056043,0.8880926352084763,0.5565981482899766
99.48242136208678,34.6768720156997,1.8132650459765975,130.7186123513677,0.786058455518259,0.5587373343015049
87.29120163870842,22.259919873371103,36.69694941063661,43.432609264090985,0.3244357933247926,0.47800538985014335
88.9899007072331,40.33710755184543,25.85379667909018,388.32799499202235,0.39683838974211194,0.7074139815514564
31.434794262990483,43.71804467166801,84.69322772425022,207.63821525885206,0.32059437135875657,0.6183202912297903
40.166163400937634,45.495756447404084,16.04844032718623,254.6117960483415,0.627472674278591,0.6699571528712911
26.808510482055105,49.437867522319664,79.06494627008573,234.6716175985227,0.6114655448539237,0.7588664221883962
60.62993981927156,40.160471668987604,55.44596999906632,215.5689281846201,0.5180046988101736,0.6793051715260827
93.88053542070384,43.07185741520061,37.73917714049878,341.9497885339249,0.8726722996582649,0.7994803218151152
34.464088651161774,35.17274834963988,14.571976173337875,304.3670578793043,0.47782023054215184,0.5060430171436641
55.700178188145024,47.38210703543378,99.7691305959671,486.02689932215276,0.7269779153572523,0.9397857761495955
29.629963045348507,39.31275146598388,61.79861209215367,69.45195382461583,0.6264760937413358,0.5341211931630381
16.97999737727075,46.506542187540305,43.938223256799425,286.75965661635837,0.5145479521157347,0.5882940183809211
19.518552981865568,27.063560510416426,37.11275565527317,31.620081701156987,0.13367608576911866,0.21994893089866913
5.794534453812994,34.90213342154193,90.57282306308552,403.9592093541,0.6259960190561052,0.5355524620430416
94.92935230092574,41.894567631914114,82.11918081907609,308.15566662554653,0.6140760674209803,0.8403396145619166
40.28796085076296,26.0816526368805,81.11857883682238,214.18940799626895,0.1998991956740385,0.5890788393518479
83.41208920021081,26.34019379785935,61.619847296239286,401.11782732197304,0.7367319802885327,0.7284750206335711
68.13294726896912,49.34128221216912,88.79565826958017,227.50130424578913,0.4735952667560337,0.8819410859684289
19.19211614110854,33.03831082211618,29.92783721220704,113.8930476567236,0.359316811523847,0.30465253324132724
17.54622465790878,25.45446358771315,70.37061351632893,236.25038055516845,0.7591675086767727,0.5158093718473994
81.19882015105449,29.94391645944518,40.44477423918925,35.41589831866959,0.374696767598259,0.4990338590356209
26.471171061953736,31.92128444797777,59.99988085596921,448.9305548196937,0.5974806330270611,0.5898589042423172
91.32851837019757,38.692557724106635,99.81530006126928,365.47918736723057,0.5943318411651938,0.8399881473428309
14.005540468949063,47.69043977143258,98.45247806753183,380.15789310751387,0.14224478605861357,0.6377256886760823
67.77086144544695,49.597702277662734,51.261901646744825,437.2466520092211,0.4382669044597728,0.8958681455043735
81.44738760309339,39.550962767333374,57.38634521648246,395.7862944075418,0.2782229999455652,0.7793633011279648
23.5256388415645,40.99767082393174,89.7321769137301,215.9262951267199,0.2596565295208447,0.5312286347398646
27.620736345656603,29.65487509089767,98.5635712513855,59.318200762724814,0.6239695109017679,0.520233908752072
96.45188861392016,45.714757863462474,77.86078026260797,186.68238999047637,0.10912799622860297,0.7588425735392392
26.459760534615828,26.53395005660945,6.51844579586307,467.04235718986115,0.8752631825715972,0.4744377802196445
42.99570499000478,23.191419479329028,32.26397343438639,474.54524561568985,0.4163128048038569,0.5667391363596805
43.25155932423661,49.19767970292953,89.65623399203079,383.9354327618978,0.3390428227559241,0.8405030693456771
25.303474992968354,45.92416030461597,76.83525058504806,102.21529153569375,0.8359795199499659,0.6478083922781076
77.57910864370905,29.109354036144,74.22330710244272,97.22492923208031,0.48933771368547596,0.6710248900029487
77.18493432291552,40.255121491431474,66.7923230468141,439.8857554403602,0.5914602011882222,0.7874327090597678
37.83180142237856,34.01055072239598,41.52638496323835,70.95796150556238,0.6566805989095692,0.46607744516787925
83.51257910807337,29.693846184364126,40.324132034470175,292.0687386662446,0.7971290187875708,0.7066381397589167
21.307493439900238,28.603226322808844,80.89324875908011,189.1258411395339,0.20379359185364487,0.47562304423019147
0.43057756676786463,24.080823356627192,29.37802917650709,151.00550398058826,0.1653225432736189,0.24186187192326852
57.11673620557411,36.47954246827518,68.48318727009735,338.6910128384902,0.8949686274677914,0.833259274327995
99.40777724523785,33.39790070352524,72.62085234239566,479.7845383259689,0.10710704130085641,0.6897150238426552
3.8644309826884604,35.36559260899833,84.45559893615288,388.8168691201493,0.6665558028920208,0.4644441943592881
20.799807370846057,26.460715024382132,31.988559070701573,243.08129655077698,0.5888522895668968,0.4453583617929623
51.89146424870842,48.15832012319743,74.18892668382021,220.3557541011082,0.5420408173673336,0.8650537047105722
80.99407364448706,39.157735889916246,10.648989757868687,453.8320941611934,0.7286623673440747,0.665391487057726
8.904200507505323,46.98801972150011,13.806172895190471,289.05354923687696,0.893978358108367,0.5061931560962183
39.52346537588943,23.278134980982664,41.733604017340156,248.31951153309763,0.13750865719514194,0.5686565514331946
74.70758006298863,38.685528975685244,5.522577635524728,341.41793476571155,0.5916243941145443,0.7061968986951946
37.15432084063616,45.48385455932483,94.76983214653384,118.57690856476322,0.6734221348312406,0.6900314382565749
18.883642047563896,29.927623394434,90.18958105093606,31.86774378743984,0.34475144493841486,0.34573746317355125
19.54958273965873,25.85429507407959,4.893369552584314,427.555720242672,0.8142891079367449,0.4633689725222705
41.00487869149943,27.95063917416859,83.83117218922787,303.6308503497284,0.46559427315976953,0.632465511995474
47.941707480589116,28.188011802493968,50.88741740900253,82.43855061253441,0.23158276956155738,0.4957325977786831
86.1814417816014,33.415968947706055,70.196288837355,149.02396325037358,0.78352625281624,0.7198561171297263
64.22524185679936,29.778908083379946,88.69311692981873,494.9667562947654,0.8543404963397151,0.7944132811200709
69.04019545155015,28.13822218123974,57.69744870776986,317.21181623182764,0.1796119346949949,0.642267427255465
98.2987171535907,39.45536895215414,11.632710028462945,318.0560704835612,0.7013446937236426,0.7048691888449988
41.18434403009738,21.590971150156534,0.25786104865862525,36.081831604361014,0.2720113753321758,0.3706726573810898
40.33544032491283,30.210913344191898,49.69215322514465,484.4958671219659,0.10537777413521737,0.5096626588652002
92.33469677258122,40.692558978214244,94.92321321243601,446.3914447793603,0.3084910583083106,0.8120384667227538
24.587558700505863,25.275492478430177,57.26218716131959,273.8912211316102,0.7839278681765975,0.5292940094319739
72.98152463028667,26.62783586638737,37.29391380882292,154.69445822543676,0.2129471014269859,0.4950904935580909
75.45731382181347,26.019998762387523,3.0922017080913355,349.02761419304585,0.20453510639876848,0.5787092064964574
9.778799744544308,20.027783201942146,91.49794172782003,416.68719723593455,0.691238164960125,0.48348100775500924
46.8231405693584,34.21303255494718,32.715666085804216,393.0607049116268,0.4250877108517105,0.6308899214156335
20.056247132155402,21.168763682483696,70.47774013150962,488.52368602393943,0.2187888580276816,0.4839705598670936
18.537527280248568,28.188194353247006,69.42372021114649,318.42769933347125,0.2840003011857374,0.45769206991758915
46.38281104628762,49.844102737759144,25.38831613687479,160.61271577943265,0.7356815399884836,0.7072033527612982
28.942970750806495,47.55188634170899,6.377750646072533,248.9638065342668,0.5986150320464158,0.5870342382923988
79.60604476258709,26.452274244690024,38.50003786718435,408.15858397530826,0.7087430180531988,0.7188394362285724
90.76048913904825,29.30007295741798,31.713101383719987,132.6712936076887,0.17821859119043015,0.5227235620971128
80.27206052883656,33.911137468056545,70.02563988723259,115.7041274719957,0.46648342627977,0.6030073025144709
26.603087262166525,45.332406399777305,81.9782495659839,362.41729016323535,0.7376850006250657,0.7165624850892249
27.413439368860836,44.07937824179273,22.244541739167467,222.2137132577054,0.3126342006947448,0.5228494154891863
25.472835011746742,23.787243096988465,52.82310697764423,408.2851975948613,0.2353511747008229,0.5230030148861088
13.503809605623607,23.733465450450563,4.060834738816165,71.84179307949445,0.40542711505375373,0.20572148547424862
94.37983681037112,32.50196761682134,21.42558229334619,167.84823157470336,0.3667039790710246,0.5244262196637475
40.204779815706935,46.102861688413164,76.1761605322083,134.04995329505059,0.24837822310576288,0.608164308849924
22.468947454587372,46.46254997286507,79.33983204890724,348.93407403313677,0.8631559402850069,0.7249489820356669
84.66710505082435,23.220975490595904,77.64044634518032,379.6646066633247,0.4864787236443522,0.7297428737333292
39.919530265779045,37.22891863896655,14.238792498827014,228.00134794327815,0.5864610848879397,0.5192871919685379
3.511681110966658,24.670255913753387,55.10347274684173,239.0146881994678,0.19688552699967607,0.2945371838491832
16.19415702496312,40.58387930008348,42.270841444338295,66.01594139456473,0.5880280705052103,0.3943785893767433
63.925034035617,47.49299743786719,99.14862967950904,350.9140469065262,0.544258154566771,0.9198802210395441
78.2905274171724,33.643078774267806,65.4069869058336,496.1588167996237,0.8455434622184261,0.7868833281074289
21.093438848871294,22.492483240761544,93.52020913957291,388.9609204159047,0.429853440857635,0.49538825345850046
91.73955892661422,37.37762587683636,14.53503050084376,111.55616159381404,0.7256496803809737,0.5467386812422254
85.09971200521645,32.25550010407564,45.08732731002291,311.5613697971178,0.3433447827696976,0.6107025536579127
84.83807540610809,44.32696257001881,77.16076001058686,147.47840533212647,0.5631522850623044,0.7608727654526438
22.76611467992141,30.21033391779163,36.78577280304026,15.08827645814148,0.8415763177953584,0.29118288585785035
5.053598865005771,46.24691601417768,63.25084961536467,89.91142782791678,0.6000570486071171,0.4623136570217259
86.74235394825837,28.211012229043547,51.17021723736607,51.29678613192068,0.6689269470132067,0.5593260696179677
30.580022873856738,24.725529076660578,99.19294092179923,97.96627678409709,0.8007876201620724,0.5398946581903928
61.891638117352585,29.194411319557396,17.387254006549146,397.8022107245017,0.8403394906470396,0.6537546155687957
75.996688370073,21.047473754682397,93.53486953301278,146.41606701521587,0.2666199001624537,0.5936811584462233
12.829325851112017,28.43737900622724,40.15709538032968,378.5199754725559,0.25667042530334816,0.3592199874900839
78.08383545190479,39.80352901646092,46.79929663772945,474.4312774213854,0.5403809015270287,0.7637970033243837
93.85114589610659,24.26848935669777,52.860188368997896,287.13655753388736,0.896413101045089,0.784483379811441
72.83749657464091,23.34094918359764,26.536654943357984,242.7044710050273,0.492121858648624,0.6231428633142915
44.12227484805581,23.971558737630513,96.3657442610793,375.06358779513187,0.36472397048274174,0.6840852891060374
87.66781387517028,22.326550227843992,91.14872052347894,48.545069946545006,0.5298090199464708,0.5796811563052129
52.745763007255896,46.23906235528818,97.29051002113627,214.10604374244258,0.1515166192925615,0.8068041792088397
74.47709278167541,48.32345346489585,99.6919572209523,249.41229746603034,0.24176541624793124,0.9288967296061028
82.0505943858604,21.396834551863588,66.9800095180972,415.5256551991888,0.219136333877208,0.7345094082091995
74.93528616990059,42.80215344630621,45.16854958057447,407.1088301156497,0.1223324360568415,0.7587517568111883
28.785487604815398,42.11455240151594,85.07339014963048,424.1326799249906,0.6777698424362272,0.7174280551983928
11.784390090583107,49.90728273830121,2.3804877836338556,348.9364639338509,0.3603796366894588,0.5307364804524536
23.833852936206014,30.436119851632043,83.44040447135033,265.2779035924188,0.23482904899367185,0.5320000812595808
50.28749369803533,28.56526975071249,49.72860242110067,413.93966067169106,0.5097950164204987,0.6818246925923457
50.52769222930959,33.592463624294815,67.32200270834177,436.6412076276348,0.3587555247776518,0.6867819391346068
58.264434931453756,45.69725531447571,37.40460613425076,240.24229632940686,0.41441421663846334,0.7953332677281599
39.51018375478908,41.85780927613696,36.86231538668159,492.8309539443858,0.3524254536494489,0.6730276119308154
78.68913814500277,34.14871441902508,3.1717152810887717,437.4090624895893,0.10318681148706572,0.594727485375197
91.31537503472077,27.336885298576195,42.37894304290133,255.23483271070396,0.65066309153514,0.7140681449627165
24.672505347947126,41.81047223805113,40.83541954193301,34.64379767355319,0.18855238298724775,0.3976497910215164
73.6523217701888,45.63580604126588,22.479110186807127,112.24602543594814,0.2753139176503756,0.6470776085932469
67.79718525450447,31.998536932024727,24.732327353976746,388.1992896881424,0.2522536348510652,0.7176057666893249
52.3090499279315,40.057563374629524,58.41395804425117,55.57712849934238,0.365093836398966,0.6067317561492174
18.853023387416023,32.006360635297945,31.777144253950308,234.9000331596316,0.2281581435970849,0.338252741418808
79.52322585827095,34.35480314424454,83.02519090172898,302.42609605236373,0.3775616993503633,0.7293194129698767
96.06262856288326,35.74731139864741,11.138510685706649,439.1734141852576,0.29461147664618736,0.6568605485346505
72.18363322336134,43.271774420668336,57.764494657504365,423.55693144673995,0.14897209053792881,0.7446709416371232
91.7859996625734,49.32517952386793,16.004472713910232,382.1389605298664,0.7964503817358634,0.8280820300391512
98.41852649479998,33.33098487914697,52.82406269206588,203.8471213055995,0.34446488567896916,0.6525824911649756
35.20506742392382,30.269450187428177,55.25458869503187,71.12462717114853,0.17622571710110446,0.4069281963194699
63.822355292633695,31.207730194171738,64.22976865257291,334.8246547789239,0.5172211031616983,0.718845552930449
47.3932737638078,24.01667208125545,42.74249472728937,90.64431124423633,0.1986204146950426,0.5243878608632362
98.66287468632301,28.908162134531683,50.94746851292544,280.65724170430786,0.7184745611654776,0.682974152111536
9.380782400772492,22.593422398064188,18.09526160812933,490.33909123167217,0.14926235459187165,0.27046225423417525
41.23749142972246,32.83682789537741,46.30153497363296,275.1548879036373,0.4717087599553851,0.5644187068890396
87.55390445272361,25.020718079331466,37.303038909429056,322.77843363022373,0.8550610640926227,0.7229027176667304
28.405131052651544,30.39220237923226,66.61311046544097,338.7877359580869,0.22717524292673083,0.5542269865988595
78.77928506388727,43.80733248174819,43.48217234964861,415.1941788377525,0.2610949415243984,0.7542926716662937
38.27831627802557,27.37782951767408,77.93416509802202,217.4903390535244,0.5803719291161726,0.5823417771613897
97.99785398901582,38.35683864026207,42.59920985736921,248.75495052624885,0.8838832572762716,0.7207391326767217
88.35298364237076,47.03544257745838,23.577117297395866,87.98600696229497,0.40866859862847504,0.6876993790572873
30.132035766261534,37.0078756108864,27.36887189585846,307.339943868751,0.6189160742217653,0.5258296287876829
77.01931135378551,25.81377838317238,4.528522509163658,147.8790031621946,0.22185365022530715,0.45938182617676543
33.68565438332687,30.34298581897863,53.991881060091,253.81237444434979,0.6131177066114418,0.5318387309412781
60.63628402155351,37.711076215521985,83.08808839003218,383.2785967549489,0.30212965196391456,0.7553382613969528
65.8480768393292,35.198334192795606,76.91117068175701,8.784952340993302,0.5906300859930645,0.5719149141470352
82.95954090857049,24.458595088307113,43.77894663384714,281.9577632921866,0.17092896646688754,0.700605338491236
2.445084088201488,33.40389034071707,19.61203551445122,86.72250865534487,0.5199752173642633,0.1702341280982608
22.015789115229968,36.29200084730745,86.34844432974528,139.69166989192684,0.2899239957385923,0.441847038115409
71.19178105885787,28.019981433727175,5.678103404506841,17.35664004349896,0.6453669626635307,0.46264233169168995
56.35232369695373,38.37336546019556,39.9222725202494,84.73138009295111,0.6981358296546524,0.617020103360415
49.56050782011431,22.104802984556294,85.66151423839511,493.3146966435759,0.7785140244475179,0.7574451327545515
5.520995670798046,30.098211006965506,39.31766874041964,499.261380599656,0.8939162951352656,0.47082103030030203
34.827588346145625,44.12830498332723,11.787547075695992,359.9239599448237,0.4674838237225857,0.6336223841044192
86.51002319106483,27.778544027244664,26.59495003457961,305.92842738559676,0.6364755337658594,0.6706043443020966
3.0892837036032184,38.15530550009235,60.00294417429484,388.5034765496325,0.11473897300169736,0.40421560117201033
39.64362353648121,32.30089141130936,15.203590769457087,448.27713609258086,0.8240696266449689,0.598795231140986
94.51482876707726,29.493804272457403,65.49353268423557,259.6525297827041,0.5925945164228632,0.7509234420132684
5.088073454501463,47.48395063730081,43.81619311992458,17.64199970885061,0.43707598341858966,0.32199622075257317
74.97057510446368,30.297851542411507,33.43895008205219,354.69791029002636,0.4474501942085206,0.680944518290281
25.761261618203648,27.10027704461055,24.09254805231639,492.3012510362112,0.7063965170883165,0.5010790639958997
86.66088321536725,47.279039469208115,82.33299858567095,129.02647798598065,0.7667760028287153,0.8558974743829193
74.60679789593651,42.37833067807445,39.66739474634016,231.73278273054999,0.7463229410518815,0.7454253599502202
88.57051708583629,40.45399141094592,73.84792656062277,180.6372005256406,0.508467722437619,0.7219438596900419
21.592479043126602,21.486048262006275,44.03551926373844,195.2337471149317,0.3969173100544253,0.4255237189595732
53.129275481860496,23.936148821473274,9.186718688677942,360.69999693767846,0.8564314891324284,0.6636080441672134
77.92699435748007,39.15019891428989,44.05059751672604,189.20219487802504,0.6073596198161679,0.6501927853649353
24.5699742994981,26.282985095787808,50.7687779735764,470.54206272936335,0.5349227271953693,0.5610419201089071
23.074630526721695,26.769139568910774,45.78421934933768,394.8292268817802,0.5786551456226342,0.5272086207825772
2.7182133497585026,43.374155460308316,81.62417117482725,13.82351254384756,0.6038932065490261,0.3480617695550064
95.85152939754524,28.57774846510828,91.08513490430293,409.2744410168624,0.6704583072855231,0.7529988973766187
71.00168800546234,22.14761906455748,78.6778675211034,386.42871121932933,0.5425477560329327,0.7626997041115696
63.556035401018484,21.092958419295833,58.27819022109597,258.24686419061675,0.8002842835659829,0.7312791678690345
74.39947226949909,33.295339617358636,54.14499605548907,248.4086983732068,0.787771371418973,0.6480825514422855
53.16129186954394,38.51385733053938,64.4616030123659,417.7634517334767,0.45380619572227,0.7743679839699564
47.613382109041034,46.06655700175409,28.783029643937454,212.39264458151746,0.23482888970042926,0.7194705751325186
44.95322411235209,23.324131850979178,81.1846846148685,79.73117164664923,0.5613245710168807,0.503385682320219
64.04392121036413,25.90018478864889,85.68481776036609,156.44941642451633,0.5965916177049457,0.6698444624825308
20.15349753923832,35.89401832722413,26.721716318183052,132.60120167874467,0.5187036591629882,0.36420738630157923
88.80586950148697,30.923250867259252,90.28182081400776,340.52951482572513,0.812462250619173,0.7986725744898536
81.17523712192651,34.47612353736484,84.87327239916674,89.43667502042263,0.17441620561949273,0.6011395212189891
34.95636114520339,47.723739469526464,42.448676748251025,322.3862182164035,0.32993480386816043,0.7171021391393493
57.860929681252436,36.34674961594062,90.90002020927456,232.98347363188094,0.7926318770580949,0.721344971966008
14.10272999500146,32.453618318362274,12.043899381150814,419.8304647058909,0.8515306504177644,0.35246215639348255
97.2346247933598,49.68319720099234,2.7986559208900363,242.49937160873398,0.4407400597620549,0.7895303934639699
90.28926876302835,21.956470096986088,34.786682559405435,464.90196728469147,0.25411518547275036,0.6617285131599905
92.18975064992004,47.96340345113516,56.5435698827345,450.2345639427939,0.43626359720794783,0.9075456005242447
33.21630477034516,35.049855261964495,35.14426145328662,92.64378955201141,0.46493315633930876,0.38557596168013597
16.913470738285575,35.11269013301414,94.20677336713595,343.0831761759418,0.5156555025300402,0.5455774732066191
21.177216346631035,47.65893002609627,25.471022905514506,107.31237456038761,0.31948246414636094,0.42319381695173114
9.000139104508985,35.21971938779208,28.121339359267893,411.6521531152288,0.350101925693458,0.32758346267546945
12.011063010138434,33.15221271590447,63.48276125448551,317.8615772682846,0.6244701050768736,0.46933394542605184
7.130453418484539,28.17465776351597,0.38638823417082024,147.05884714082558,0.5974353207973115,0.2283166442702029
98.98230692048735,39.76450300452262,72.75570523545993,124.56181419175321,0.6296820120922677,0.746323438150762
7.405768336907359,37.08935272939284,37.74694830931572,214.788827522715,0.40182798655806484,0.3266473712058874
13.254208095141362,26.430363108433493,97.7747867643296,400.3614857305655,0.3691654707999138,0.45372351209230893
82.72545955907364,41.28238745183974,69.14175930297486,398.0808045197258,0.3812309383783512,0.7740145922204998
58.02402167429431,39.32260572009922,5.221495508234309,16.688112777467733,0.8609411883917347,0.4940091960193521
77.44172045693324,31.920016526196225,9.262780874197363,151.14360773545005,0.41619608251545825,0.5763805314418862
63.0912007772655,20.132027657106516,8.816810692415855,211.4254817348588,0.5849059170703405,0.5886786403459201
88.2175070328948,33.39743450528563,95.26222598919438,292.7910067221216,0.5182745497332308,0.7803974149656113
63.846752776474055,20.181743513907552,68.40515412175877,74.76350440734953,0.8009774527955937,0.6010301779140266
52.21250929031509,22.249954678971196,42.76060072889357,167.6415102644624,0.3952934406235833,0.5814170168000462
71.27496937612997,32.91829707442503,20.048268988003105,442.7985102839794,0.4473155554849364,0.6532999950797551
44.73927517921095,22.45759652555983,87.36397464358032,238.27375670682477,0.7742354310257683,0.6842736778215085
34.60638229047347,28.269963013614987,20.155592767134046,372.0716130217197,0.22876609122392466,0.4941737849976827
46.76524524502125,39.66474105676905,70.66792164758175,242.38925324816995,0.57543563830024,0.7209508870688406
16.971410509856067,29.25846027828257,76.3324361545346,232.4912882002318,0.4199265661150432,0.44548525911102355
79.65717298026914,49.92945782364531,29.465608885540828,310.96276254175206,0.8886332471401821,0.8946401373981111
26.070378133594463,47.48906101744943,50.49147371706423,129.68225609480876,0.6771072934404958,0.573199236676319
15.353154633704747,37.55929713756571,22.298928231839387,124.90104965312499,0.10844501024490256,0.28609777153863003
24.63522417832268,49.008414159047916,37.89296574554981,494.6769274458045,0.7715791203573151,0.7159700998774018
84.20701517722398,46.040518832975664,96.51343982800088,434.4960046596111,0.6625437249450493,0.9080838309818283
33.02012955977314,29.566955565214613,69.31380346544303,368.8774482248223,0.5487687324661147,0.5911573659958266
68.60498695059002,42.48788737955928,84.66142061905151,68.57226952776662,0.2889027807074537,0.6775925142852693
85.64096306557393,24.10495352011842,54.0599571466741,15.11235559238333,0.21945332032615222,0.4682355185223309
7.774466692504212,40.53654273136223,23.903974215135616,87.70625209854649,0.6027196502867345,0.293202413026624
76.50244051780429,34.73245479483741,71.28798566671935,468.86548225376004,0.4519522182510112,0.761804018972303
30.766546637903,20.50477817758474,50.05679607905664,408.14488512449395,0.7892962497849038,0.5505637405789217
21.66223641840427,28.226894671711122,17.68488681070587,261.53800624428817,0.30989885622213703,0.4553479642574438
68.89014524529722,48.661466522127455,41.24298896182103,484.39029568418863,0.6100159846769991,0.8683093819791816
90.97966227332338,29.47494455265442,63.48402190163059,73.29105145115051,0.2990744293272141,0.56015586318289
29.50192087123954,25.443633659043222,73.53318566822382,279.57522000301844,0.6090536632746307,0.5690945128488167
56.88338053843191,25.62594339716625,24.322079589035173,91.61106319935492,0.13867571377257068,0.5048118592258508
28.983411384949154,34.37639793925847,87.59973393493311,153.21430240215295,0.4133659414515076,0.49259454802437674
55.42855857264279,45.27947722011605,37.955110707467796,470.0675094816128,0.2381484926926011,0.7702168288200011
62.18620306543406,42.74005295400039,27.11367178927484,434.1392582743417,0.5847471969787796,0.7452481097178395
61.03353887901798,33.10556022613323,19.512005545372478,50.89939281529304,0.3533824425421854,0.4478014224216448
62.35463696427459,26.261806503108815,80.41713344029736,124.77190278046923,0.7172260941413995,0.6674542976230401
13.507979221752409,21.381947003065733,35.41645749660625,297.2537347910253,0.1916754883440146,0.3834827384390725
69.35404695867196,33.87890958448193,48.33990278879347,30.676393670412196,0.5449704535353939,0.514389500202827
67.47503563802233,44.443260455545754,22.281982356387566,275.0423236757187,0.5749422903533239,0.737201991939487
68.25881222168832,41.890459807829416,68.60910711689316,292.2457178970053,0.11768327977605281,0.7540384756397598
7.407055273870633,32.258023028817504,78.10334075524223,145.48359066522977,0.1287885686803989,0.2943348396673081
44.683884241415264,37.84108015752801,33.94252489533416,146.5614900625617,0.3465921378624147,0.5604856378284693
40.903513204572974,33.08739562838653,94.5079385371402,114.5396343850354,0.5872603515295297,0.5912781801147662
8.671148364319913,37.370483293705334,3.061060956023609,467.83818509802137,0.8701039961297652,0.40896569727877186
22.23679278968107,35.525157331806476,13.294310327404036,194.43557034953872,0.17262680799093044,0.33442886670835764
44.09626317980367,40.42899800375477,58.878703156049085,292.6345315569452,0.6625302185686446,0.7643076185153106
74.29063098580822,35.231265305993716,70.14068620483796,150.78728712675726,0.6541728976982215,0.6454859507551604
23.70620769846632,48.21832994502675,25.0682989509059,351.33200220745215,0.6355793948027815,0.6004799134416632
82.97499101249115,32.84084544745059,55.40710968913485,50.72063552932127,0.5129178732257614,0.5325160713230696
54.579828573946344,20.477489091191327,31.838624704281273,35.82077154733199,0.873460760488115,0.5096642129734943
76.04216851846175,27.091206062269535,55.40892456215902,372.14188029094316,0.5014201107909452,0.6728623885002711
47.25559833368571,35.01820574319968,65.93276777642525,363.33397915767495,0.7706376633593662,0.7146978122226121
49.919422542222335,36.21715555665986,97.28080535690574,132.50066807033113,0.3100164822997311,0.6390528679232776
61.97193893796402,36.5715436793616,45.569686002118374,177.52335636234417,0.7450467994454841,0.6152532575943523
92.79706081658242,41.43656294810246,64.82160402713805,478.63025066641114,0.8972365871511466,0.825761441431557
49.181258141290996,28.239444278525838,57.80392479199319,52.16514749765716,0.828068790219008,0.6166718704609446
52.8657538108291,39.947110371244314,31.755489388757297,91.5735332733355,0.3432573750015563,0.5227965841264809
60.19969635275295,41.12096819357639,25.306413169772036,215.01918248661661,0.7769259806787195,0.694605688878411
73.75151372977258,32.33842257862479,98.78707217447237,141.04945302776255,0.17620569842297584,0.5766642575545501
7.185033548623432,32.065072974389665,20.685236170151533,324.5042743161036,0.642166047690442,0.33074755349365914
51.56874385219721,25.367743569693495,79.02752670742368,345.3008614733422,0.37371698638934925,0.7296161943268109
48.15915892060435,32.419621287661215,14.658739102076101,263.19404194504756,0.6269360716764785,0.5731282663794396
92.16849842375704,43.60448875121037,80.43512693612507,305.59865070138494,0.42979920606357236,0.8749243557501549
49.35065804363411,47.269190166496514,18.572844298954806,216.71041601017242,0.10722651986025795,0.7395986728385792
46.8320534694331,37.808395739538966,96.71566440161669,380.193626862583,0.2850212432383608,0.7690221192201359
96.2199988534702,28.981110300628963,68.59876565745174,21.04924892313487,0.13390898628665282,0.5367848103834365
45.05764636008816,40.46869155979194,9.011824367582888,156.44566832794044,0.4418159382398811,0.5123032183454781
18.088443032209035,42.20438626088011,69.31771194590108,342.215020697447,0.7720570293825465,0.62256186688611
21.69161228057883,29.966383363419872,60.362076278155186,164.82255393769125,0.6903974071800627,0.4579642543493295
9.518753833697414,44.7964358446864,33.75462466939585,39.26764022147472,0.7311297489952525,0.3859674718240956
0.05681292589444498,22.210874964150204,26.073599775671465,172.50671423338764,0.7457597190437834,0.29146672789891
43.19456610004819,20.322611528000767,71.87607817481522,355.7473858943316,0.3975518304347804,0.7089559800704622
76.92425812982215,23.689123178961577,74.13613729498658,60.992432626658875,0.5048205835947188,0.6070435962488941
73.3466442799836,24.68025043482529,32.72058489525366,362.31568210582725,0.5067609360683208,0.7410350577016136
3.2149087802850196,46.36787098843164,87.62271108395036,387.7278581787878,0.1905668135488579,0.5460219284441884
56.99829035940329,32.74945106663843,26.882721888849126,317.65037221134946,0.5785136977026194,0.6495847201646069
15.4283125413476,28.24795075911145,6.986442597481101,122.11702427907211,0.6761438232002683,0.27544423660893197
94.10762847646973,32.87225347960458,59.98678448275786,402.6476785975307,0.5887742552906354,0.6939010637636305
16.736499964417927,31.84522678101897,10.707057283161614,107.22125088923268,0.6967727477676181,0.28041835443280466
62.66392176974816,29.04385003964051,27.66640642664853,452.91047608567527,0.19511301449988538,0.5695802476866302
32.62383621640568,24.13698747235896,50.71863930484379,353.32284957104105,0.7091271570673418,0.5784914468211219
64.15613259643523,39.67746385921642,28.63596223572976,27.359963323529858,0.26651208269478116,0.5074897813380759
41.225859646407514,24.09813208338966,21.49963424200444,399.6435593308315,0.8014614582716263,0.6375280362813649
75.96430523063947,43.26273358018023,70.31854149056545,253.2167701799537,0.29594504988063647,0.8237554478035035
23.067912532785783,26.05064039841361,54.69993414022956,226.3244481565257,0.49359390695235217,0.43537160843281747
90.57918529142601,41.94113921399935,83.97612482502805,210.2555963492434,0.48981303732530745,0.8439812271709253
50.02096493133521,44.167583170864006,58.123959465547756,303.3150332204584,0.3150802563136108,0.8171760962606349
75.60931477128528,23.759780293233522,48.344721177377835,362.2892503914806,0.38936766753567553,0.686784467942074
84.9730191401227,22.60237304864012,26.12563516107882,447.98830786228035,0.2484773992604736,0.5753025013034203
99.8828610954805,48.487183119609796,79.20658750912973,136.47240647361264,0.5560805579668395,0.8063293982499061
22.394566559395823,33.89140420257742,19.68710085643672,315.38813645521185,0.8304224202667841,0.5082122363942423
28.689241356345484,38.90706484918965,24.222841097316028,343.17130573406496,0.3532860578893203,0.5387586742114063
25.043308673188825,20.697813203653034,84.158859675307,337.3985698934463,0.5064500878171662,0.5791826112816246
26.287133215978265,28.361305416690197,74.11925257292111,246.50032389148495,0.7895044895269197,0.5730826944170213
58.244474153937745,35.161929636781586,61.28734889795206,195.51127410185055,0.46199923755637806,0.6003174850117047
99.3522523145843,46.58654940168212,3.8920530786573426,381.1894085335458,0.7650082627663356,0.7853874945528331
99.02780870927545,28.14318252693129,12.725761828472649,150.00490202040066,0.45711253213589575,0.5618252353145049
52.67732313623077,43.25573959576158,49.99574601876097,104.02658119912157,0.4521939733686987,0.7009902318602469
63.90272102646738,39.866387847761054,74.6338923482891,272.91459688006194,0.2257919697434736,0.7555899977541102
85.9970543701606,23.45812303417235,46.41008641918233,133.80542883108848,0.19998305954129122,0.5931308974416682
93.29334584535052,28.801255183759896,1.7293024414783087,16.616581382269512,0.5891973954355902,0.38546694733979203
20.38606273295439,27.135921093158593,18.42699986668217,25.78787169115271,0.7618668197429764,0.2414807303700881
52.85417289424529,33.27582762719857,58.87666996202181,347.5052631934373,0.2083251894801549,0.7371349464415257
83.28370546615122,39.06002729142753,69.42170596879913,486.57292299603654,0.8280751568855902,0.8344461051483469
30.320207663459165,33.0025926652552,3.3428312711904384,227.3441918130375,0.38710384149146915,0.4001158207057987
43.98090424804667,27.33609727255418,4.333175346050034,73.53056279236708,0.44020576521665744,0.4073724282456902
98.5621101512008,40.87636304684826,26.131011545636294,409.04160526467655,0.8155627216145033,0.734704492707013
98.5046696720871,37.5341328413447,8.350169538656493,130.7179484868599,0.8170371602571251,0.5765917988407528
90.61068107651816,35.57941722247076,54.19462321933647,497.8132308019403,0.5198871015292575,0.7172508450448025
79.84483448280577,36.63258792337935,12.370198195668047,281.63208291353004,0.3214119555626727,0.6154544193897702
26.913050072280576,26.657019388814707,64.82193349014224,116.31627428005031,0.2375515778705407,0.3764391299840688
32.085007406718745,40.41293183277369,77.72253193075869,248.00238476217197,0.31726403794443725,0.6475012339554787
54.72828412048747,31.62501606616305,97.05166637521067,167.6906359148243,0.7245019181000999,0.6683586061138985
56.07773745620121,30.90403459190059,94.84069616377143,389.7359923134739,0.3596726417709196,0.7063879463624163
50.5502819357067,24.492026248003114,27.33651502352782,52.90794290402789,0.6556491688264069,0.5400951192338947
63.66702799163061,37.905120036513395,2.9409602623172826,428.50135851627414,0.2561606578236777,0.6849569408294491
40.83230226329888,38.0799323163952,32.94122161117679,383.66844713206734,0.48280290615111976,0.6952155650623523
74.91741573155329,30.209019309995853,70.84801187126533,430.68190195074374,0.3816849728470578,0.7405122024561968
33.35499264783554,45.79550170596602,5.980120927253929,447.4968730208324,0.5028898586561845,0.6309591315129063
33.06769969463525,45.36373696146285,35.97126576714287,114.88891147154062,0.5559562327361413,0.5671807441051802
12.7225961891828,23.27162919447294,29.803454754690694,260.5029036143104,0.8927479717075562,0.42005111847348886
18.871221002891925,40.85115163429755,21.93456358189767,424.96111008318866,0.8199160377513618,0.5206253800615694
85.05208789213576,31.81504268555067,70.61307547303153,188.69398605805577,0.6566931820193526,0.7134291272229117
44.628233858044155,49.99144553188678,65.9097005024374,30.203788397816233,0.22299477642433496,0.6172277776179912
22.786778655283378,26.75070889053957,53.54940940343433,145.81717826925828,0.8352228450713747,0.431774563285443
75.93411000223874,28.41572616243468,91.07746396815976,120.96015573740543,0.8140688565663997,0.6860791342435966
55.39811258168594,33.26318883667182,10.313885273027246,435.03130934455226,0.809362744059391,0.6249200198744705
2.1156011423293486,28.061454460419895,14.968922447813082,231.92317470457414,0.48321349148244475,0.23860826980191388
31.636145733671516,40.75980099159543,38.34496792194131,341.7721187231566,0.2365653688488455,0.6116130209161269
17.700141112134105,34.42724336544442,65.58820518629005,481.0595748457927,0.7035225719751373,0.5627792029178802
65.58728609828405,26.626365045486207,58.40792922454121,149.59392619260186,0.4108120311923388,0.5615072060786626
27.503104063025287,35.19122208459688,7.404268746793196,380.5997787636979,0.375654631753788,0.4054775886787723
6.494677920994363,46.66363299095116,95.84248037464674,11.382060759360712,0.41262561004742193,0.37144754786876333
5.493498919766926,43.77186940550158,30.50648164613915,52.05808765576408,0.5472564459726499,0.25591736511743
58.17272979587149,34.964867732804635,35.89726137830939,80.93254500163904,0.3668150645953272,0.4639525478826114
2.1723455704089623,28.654778094258432,62.36297990434235,156.2091684362542,0.6519364887984948,0.27229026488668256
84.87921131360888,25.396593941075835,94.51655174597346,201.4936075646892,0.61817903659493,0.7331517818166655
15.539711925727563,46.35148631560686,66.2688239103272,238.5079453661272,0.5070900910615203,0.5847371806615554
60.65663351954298,41.30500821496089,95.47733295477042,122.66567314169873,0.14317858534839623,0.6811030033468155
44.46880280107457,37.16489909442375,18.759111882047897,33.10765980506797,0.8492341458969379,0.4536515357357923
44.28515212319025,46.38303937861005,61.880992897293496,338.76154592012165,0.42935702649631213,0.8397385998277931
7.179714236004586,23.650708621222684,82.88788918762849,11.830676767132232,0.45956255542870983,0.3103742938746411
80.27522502122156,40.47467858006205,50.902446825484716,404.7353174293624,0.4648260097945326,0.7382915066568817
89.30524847532526,26.501369372396958,36.217367582934045,464.5774125756007,0.3920223665907753,0.7088522520093209
1.1016667384228462,23.61732323047961,98.47585300318772,355.1844568298172,0.6396703284944077,0.4326114315134361
17.86041756971177,33.96825530020799,14.09873403966605,297.98025863741594,0.11113415665907943,0.3617308757152028
90.39041887954788,31.621787892930612,41.09295275286566,328.5092646643164,0.798806663448543,0.7189336677262347
54.94936128000582,48.23520827975557,87.33737525606603,326.11102330879714,0.18195122021564825,0.9063803607206494
15.003957824821013,29.71938640255449,90.04807465059208,465.85256803325024,0.8997709400838539,0.6007179313540298
20.279045260915886,44.44706777156007,98.03821015597741,482.1529355969837,0.6024661033413767,0.6937674527360016
65.99862442371142,42.46481001405034,88.48475922643814,213.35582095411087,0.1529971792837472,0.7733009472193489
72.4816822246873,40.03771610175609,5.095702538741254,308.53958807420906,0.5499496475414728,0.6690739604388253
59.94268085799352,47.61201418880179,92.97664996274882,401.40352686708616,0.3650462339724918,0.9298371266752051
95.31483799125257,32.23773783144026,42.81671914067853,0.5190785860687552,0.8624345785009869,0.4881654494208938
49.4063603661777,31.69013557948597,65.1619187456582,263.5079584138578,0.7043768038255078,0.7174028925571968
30.027191214252667,24.82842270744528,39.42758691671191,326.4381699088488,0.5056117349187491,0.6211767441339032
47.723290997579646,28.272862264852073,81.36680766135487,358.6027248687908,0.4438219196059796,0.6533195313542669
35.966629366661095,46.39329368182612,57.59192763227661,184.39470469814057,0.8966950926316292,0.7312555745868149
22.441589267468633,34.231463987341044,84.55446425540043,147.82221030579612,0.6339072679686086,0.47717867949937226
4.596324934014007,30.240599665721312,19.377147152076724,91.07128328395426,0.5111437939129927,0.17349232242089463
35.221249356512416,26.483361652465135,18.498309475490228,278.9077745263422,0.41835529393623627,0.5028715436746267
71.14093477097423,34.54880750730845,44.0376801584787,459.65171612606076,0.3596662859524494,0.671279572087237
1.843780287519381,41.49996111393587,0.4751544962480536,447.9890753620241,0.6643355390413035,0.3593369805191068
43.91785132059347,28.600760763712263,69.28529548962581,179.98296357884618,0.5703084119248218,0.6210137637302124
64.40094014498683,42.731495624379626,29.605372780801098,128.9275699691013,0.778547868243146,0.6577748612516056
61.04041091743072,38.89363324174755,55.72993462144499,394.3969113353885,0.5428485786426995,0.821365379731859
77.66484358887159,43.626876876191126,7.000356046084688,362.49000912209414,0.5658651121054484,0.7271767915139147
81.05197156597976,27.527288866247368,17.064435938269394,252.66991556874612,0.48188519587454437,0.6157192895796151
71.17058209193878,38.93084434199136,62.28591700219328,194.51512976942874,0.7100967570328532,0.6998126981599385
10.279769614474944,24.612058384665257,30.566262711104308,61.89895187258748,0.4319937408788146,0.24172976279961936
47.50224440043607,30.913909464939103,21.47219425856337,392.5692945461183,0.7815516837839319,0.672935277036792
60.34059574876086,41.73080284528404,22.88465008077679,308.7322217908487,0.36163580892383995,0.7313941448269261
24.55660388094516,38.95005156739808,21.481936472549545,188.44083986900833,0.6541000371047724,0.42505938188788145
4.255181764677651,25.63582176012566,62.28509494305482,459.39398803339975,0.8143767192797218,0.40543640608203796
22.359032087604692,45.75028016277587,16.76912144694571,329.83635320593106,0.7152590909568969,0.6534034948313429
45.48944017326389,21.600529470355458,36.27063591798903,464.6194334218731,0.37408651401276105,0.6009379637290323
41.393031905460084,37.856470655499486,68.78868655934522,237.20623016982196,0.6650712023606183,0.700687958165971
17.666698132716164,49.51461500694819,51.36710573476506,227.30891203196495,0.26558785168797894,0.5632663302256757
82.44155426834928,35.94514195528246,59.72808707754839,468.6196451570398,0.14653206356144752,0.7194967594317005
92.56866687367246,44.020154598782625,25.090697946374853,479.8957141217666,0.7331053917158806,0.7700324050798876
20.134831905271522,37.85542919567307,93.27148731652056,480.38365943944314,0.7464072921853324,0.5747613052048748
92.95729155672217,43.49264944768978,41.38792483163356,409.4486969537214,0.118344751132478,0.7313018858408507
1.7860959175180824,39.66782406065862,28.696393661233454,231.20307241216932,0.8582360110959789,0.3518909684974343
92.49624727069454,40.73396043612586,90.43261840584724,105.1496471345294,0.45671986152413535,0.7043647573715045
95.19287900809078,26.83433453259152,65.5289615264387,191.72044063891414,0.8242177179483113,0.6851837129336465
1.2051863015925202,42.25462740718753,61.394586313845046,469.14874575889434,0.7305396205159255,0.46047879853298174
76.3019296776748,27.137296599929925,88.6734652166168,181.77714754014994,0.8205228222469699,0.702398636837499
97.02015725698433,49.41920825427764,5.854028627138441,378.35871341176875,0.766700506493655,0.7955974221635524
90.59022188177784,26.83361572883614,83.76795120075803,461.50217554555394,0.8791962956694593,0.8072263505169753
97.0710161196213,27.10052010792969,67.7864364305101,485.1960814407148,0.6032808010206294,0.7622347353754415
55.032350569763935,45.76019361451593,35.99927947801294,473.83707343767804,0.2818070776420017,0.7884301848225392
7.815613988538828,27.289575858884575,25.635134252385562,277.52879886113794,0.4116505045863901,0.33710902643217516
84.97891978050362,30.82708380473849,10.480589988155764,245.94003732543518,0.7015033988952649,0.6563251943208743
61.382825580901155,41.43920483537081,94.107417024669,493.82025438399313,0.22557542304244926,0.8036855170040922
61.47367441882891,24.762457405842895,14.191210332953618,109.08960229015341,0.8438738689432158,0.5053945692938518
41.72536098586862,24.772152644825066,25.943853573088425,93.76513084238131,0.2642231309031452,0.4470305097473235
57.18419765211091,34.59075269799857,69.11071795694698,481.59114887291753,0.8007797905436883,0.7256809622506841
15.357977908611453,27.310902626981807,71.01524378859926,344.5974109120848,0.48697915587087026,0.48304027415280254
73.97700265661503,27.069738667071007,16.076870460259396,268.1520048990789,0.7724961186970727,0.6181920458662407
7.501730735154233,20.27716764255538,81.41311607656276,66.02489642065285,0.8666365579822232,0.3121377735618044
72.9780767043792,31.11348773593844,51.02872691763625,256.6201245081646,0.43771796166057986,0.6530281142727337
84.8978422624854,29.547516638552096,84.84566781151089,472.1105767607775,0.6572836327343229,0.7927251030598547
47.24686775644882,20.934674324800113,8.728538984754453,301.44566167433584,0.28137408272748143,0.6084015568140302
50.98303660570493,38.636995346409904,4.282999909368968,202.3143112197674,0.7406285733428308,0.6432491368223804
31.221427292207828,38.799655460100624,63.69903814943497,275.5515007325642,0.755940519426486,0.658033435481864
96.94585837255876,22.124014153209767,15.002379710981684,443.07254350889224,0.3361965632262368,0.6040176214390846
73.31244745595453,29.51124688728359,52.49490457332999,456.4243305676638,0.1193126099765519,0.5896244572106503
36.89885533003449,46.18416595986193,1.410875928450872,200.04408282644764,0.44496420142385973,0.5989485642992485
17.480738623300507,37.46501204733735,77.99292605482002,304.03050121716103,0.2360004273961696,0.4566888250105728
21.957959220209133,32.359241720359634,89.95301701785016,139.60130634141538,0.7548408642150984,0.41455632022972694
46.392228611005,33.95305785392288,83.8882761964288,225.54264807923823,0.30887782241372497,0.651145118230958
94.25684003143378,26.248399833074153,95.83528131504183,109.94131839157146,0.8549542340372217,0.6667269530036847
73.41463457609181,44.35644502123784,90.30957546587896,265.7361309327876,0.8774471688615114,0.8761221906763029
21.524374817914982,47.420141163529024,44.40180182903652,289.12006748233097,0.8270687392563691,0.7210454043735786
85.9561133418898,47.31992126750131,39.83482084436466,168.91836806538657,0.5796915821649394,0.7734003593021747
37.82005230096811,26.71803175076899,89.61836679715431,136.0591503193241,0.3139424031887328,0.529358469434675
85.17221827525186,29.322208033293705,92.6938795357227,75.51280331572596,0.7458067318664287,0.6665118404192474
24.169959798113094,24.818683244286106,97.2835948318037,69.77183310307989,0.6612763049664114,0.4787853049124089
61.86606119363176,29.216034008969395,76.83172348427827,355.73055785705884,0.8817346776402099,0.7976097101012828
92.6670488081282,29.98416116367801,20.198882994138035,110.81900178635168,0.40180160585299074,0.4786746709308174
25.789400914779414,38.99317211193906,94.49541361107224,58.98851055328025,0.14701439933417612,0.4212871019342625
69.2926590585855,25.68939144644374,94.71414668162195,499.43584488214435,0.898709063071157,0.7464687449173155
98.73126199571438,47.5819077310323,66.61313639129715,129.95825094452852,0.7706109115511004,0.8050858192048931
15.05982872430035,23.0929841025593,85.72802663494848,448.02415771406606,0.2771917506388393,0.4516367328906504
8.84022907006744,20.206340331029992,56.11764211639523,304.5929768759587,0.6805022927197231,0.4252801686547899
67.41951924448162,45.648353858915996,94.41269454117227,357.5350834034075,0.10055214005182256,0.8598512745490504
33.973594774903034,41.113094232981496,9.393639659209118,280.45945574981766,0.5462472463068644,0.5190225967622051
7.124447736659112,30.660796110679954,86.39636964847706,90.40559752998445,0.3902705928013027,0.26125635373442996
47.530561788360416,37.86499117730354,5.550362903713935,423.5257857263013,0.4050664329901016,0.6066219469809842
75.37706796439558,26.706323025177,33.910705221802054,413.9863832433921,0.2956158449376607,0.6415683357229497
28.512240041518876,25.051689459361278,13.532564261526192,174.84273267513373,0.31987617250667527,0.3586919533229405
33.504687750513476,34.134474054161686,47.91350924629122,381.92534820573195,0.4637349310849209,0.562628599257291
84.5699400646972,30.595634891628826,23.224615799246994,271.5201291722139,0.29851602838222047,0.5832255610261861
52.007191226148805,38.456901516058764,95.20723793339971,454.5245702800323,0.4731519574955504,0.749925220709413
84.2731968806472,26.544475536830944,55.93213336534095,401.4121856519839,0.5618781764563645,0.6950180443838997
44.638949214370946,39.88783101681856,89.77307363037248,20.497884901015397,0.668889138282008,0.6018028394058128
95.29751615601035,43.005845609084396,27.805846905115096,439.6379860956292,0.6417165205462544,0.763740520014654
65.07945897177368,24.99908429085423,2.5977559946560813,484.28320898924494,0.2935914184836187,0.5875838119022355
11.589886531924943,21.31574850253748,77.56550036839216,371.0781013125519,0.13135167234249048,0.4522665232627149
88.50929882268007,33.187621259040164,70.23776599719719,59.95676542353401,0.7661454928745045,0.6187333242881179
48.926519083079775,43.22072257977311,54.54916456741936,403.6879449185601,0.7978502743716746,0.8151534539142702
14.163896797290498,39.52339506722428,81.53427297292126,323.74452131179294,0.8831116157866172,0.5504964692717587
15.269013384142072,41.05645161243774,84.00843726481325,169.41315876099011,0.8677692457889502,0.5755027032462443
68.75339351098718,32.08518019980105,58.79033080181738,442.01527559633337,0.6070512213543873,0.732500369857179
4.737250672948978,27.048366357592094,96.5927791853937,282.7833442265864,0.8154173631532626,0.42458484997514184
28.659376491381327,35.95336529853829,71.97119476173273,426.4639655097011,0.45840673545711097,0.6024449881722458
13.978759046986811,26.13097081247591,67.68753761626287,335.0568742921214,0.7298685117800344,0.5297921395354478
44.10774296172843,41.786860909551976,36.142179255864534,144.2580518524641,0.8642676338053742,0.7014863593369
41.43537719943613,25.908993678784313,0.22585786000076657,487.50934793051823,0.7370228457661313,0.5716917167448994
52.18764346888559,28.737898001430246,24.0942673894178,285.50277396977924,0.4326122927614403,0.6605632823983177
27.963632910253022,35.19634334969016,76.39205068146299,258.37762091322946,0.40220739765341207,0.5177828616001022
3.2043589378177195,34.601298024304846,70.98712544371742,201.75481412662748,0.333234203349858,0.32228091997653135
61.43861065351858,38.025481292210884,33.10221448300942,68.17210153884368,0.39365081945106206,0.5271691728784335
37.371800288235136,33.12333801499751,62.55829745384388,343.10644001808083,0.7564613294337624,0.6648226382381058
65.13349987400464,47.584199255302735,19.528747947313718,215.399599002907,0.6612002569748614,0.8124613022344271
10.866697080426846,45.19802282591564,26.362771926904404,467.306255177821,0.29990334363337956,0.49895773079652467
1.377735529405033,46.37340353709915,94.74080939024965,482.54858430944915,0.6692281028662002,0.5500816173091044
24.829424788529273,38.88549714210313,41.31805729355945,383.82042767497546,0.4035163728319937,0.5055324393931868
45.65473229940522,39.05023747582419,24.498759429885453,121.2473818512676,0.5462180056293163,0.6043482567175892
39.40719741684673,38.27596051147846,48.71082468389915,357.98984040198314,0.396295418215477,0.6659059958797221
81.03025552734664,33.04652463264369,38.70158797873662,10.210875482527747,0.5173034823086721,0.49454551642193517
37.78376441928239,29.663180032017877,72.95290373491056,413.20025140419637,0.6838431160740358,0.6593454153885925
53.044117960307894,37.76008662346611,96.21161064908812,246.80928354526455,0.6849045204963992,0.7778669829327329
59.35155924421922,20.76595511415351,59.173742445769186,468.3698249425932,0.7025460634408759,0.7015965762461006
2.1831391645811604,20.22369294271409,59.1147186936915,188.88002066298253,0.4128310363921569,0.30494113978838666
51.5133376846189,45.54925478890246,36.48338587234831,131.58680224192216,0.6523963543306832,0.676781145193148
34.483125939883784,21.392721343328667,56.46309319752953,497.52816937801964,0.2909693051576661,0.565568458489488
42.12801276832546,35.74385451000254,31.93288663871382,265.33893575603764,0.48194273633589246,0.5704884149703994
10.028739849525026,38.44963288848935,0.10920743123419285,431.5912712052191,0.5664855334426212,0.2753285721243621
78.28205656486452,25.94513688867307,86.60961728784851,455.52858201050435,0.6491857498176203,0.7545155161857597
94.24042508085225,46.87192514795445,42.94440855217052,259.2343563907117,0.8295967934034004,0.8176296922083057
2.2268820629600006,25.70287315245125,49.20884850539967,227.85696275959384,0.3438149092318328,0.28782920163453335
60.13727628113479,46.53544962100024,8.35009154259282,276.4429773861751,0.7762287317159677,0.781432292032534
76.38440672883581,42.88970807999105,83.7110513405392,423.86975144070703,0.3488994016074646,0.8931240061834079
28.480758864988942,27.22228860572582,17.033707037759036,482.3301158003998,0.5415275352282616,0.4945975361882722
78.75555848632168,24.522324988282804,41.06211587843159,164.1610546848581,0.7624798779398394,0.6227035371787879
63.235505076630126,29.48698130558705,84.02655470638814,369.31519105992334,0.6785196842157524,0.7827203834781525
92.916263227107,31.93851698810824,45.778294021351954,142.68723864497974,0.7902957351018637,0.6361429559307749
98.10048113537728,27.373540294967704,93.11523354664637,305.47652066575273,0.7519049540130988,0.7888188790169454
4.234611399870481,49.9667464626327,20.931430342068968,402.39479410913526,0.32107780954762966,0.5090045028797286
44.49377610270062,26.88957008718743,71.52328299547713,443.24316233064667,0.8943493373694489,0.7563349296292631
54.69877875782182,44.91904480948571,97.79985235617275,224.35809213962338,0.8495987457656582,0.7939868341711912
14.674323320765248,24.773532412714182,54.96136372203109,184.87784128294575,0.4441396969906318,0.4361102316102235
33.62858304273617,49.40733875827843,69.21838986439928,126.72580600544391,0.137767580551101,0.7032349364720889
98.76474477564618,26.765703748492545,39.32266596010084,66.70858520909378,0.3427973385513041,0.5089961952254941
1.6230456342471444,32.650656643507766,75.13373397254689,182.45878432183704,0.7689220244771414,0.308378269121598
45.250793152438405,36.75692200303719,90.8874056523729,435.9889023739236,0.860696335599067,0.8125613253089264
84.26546217181962,23.6085714546828,70.30555670505292,209.4047581053191,0.7653375634079062,0.6771435522610362
32.39012627192884,44.50460202437304,93.59287113809792,158.646582905611,0.4173945892836769,0.666977988924499
47.97985027551533,28.240565980424897,58.86526519923096,369.5661222932074,0.145229199749065,0.6222670760985078
97.804574578798,36.47809704804992,57.71374404509629,107.79223581296937,0.5140662752076326,0.6679815557571577
47.48768364757039,36.48901432079741,30.462738810915535,128.14340124384123,0.4011060070905259,0.49165797708911296
13.092131214649905,38.07921956977355,70.96274911637859,467.9543241691512,0.19837790974246783,0.487663707109815
5.172149166639106,21.664579595729442,88.19525217561554,40.794846308608356,0.1846826771112844,0.1682042596479963
94.54165724399485,25.058562854947034,64.63162261289312,207.31559012171164,0.22242950692487665,0.6304009629402471
26.58094132750657,24.835767287700925,23.303922059858294,288.37559619740216,0.26465893870771173,0.43571917833633794
50.40639065645509,29.061537782475554,54.41091147216866,115.1303578073028,0.7030291274923776,0.633192445448268
9.07017660899686,24.347424705750196,75.5937416951415,140.50624211735985,0.4053627764005663,0.3266752247119089
42.365512055060506,47.65763962322869,93.93633148727528,110.92268237433223,0.44955050415614295,0.768389325512365
93.01055192501241,35.38863351533902,15.659604952055394,172.5927860303208,0.5787050679864943,0.5267522866141607
50.24129936309384,38.70725443108053,12.749709096656058,449.2528775392242,0.8681067819456131,0.7016875937405228
97.1135151802328,30.724645261943625,41.2943530232906,215.79367328583254,0.7051752391202708,0.6339495217503034
25.883563723739968,28.28738423101735,12.561116946261086,208.91450826171587,0.6165700911049609,0.42053803596104683
50.454523970393716,35.09531510696639,98.04289125051184,193.29044008719464,0.6950657068862544,0.7106889649651853
85.95307918093252,28.82968924504501,42.43043672825591,482.05786346878716,0.67543401689487,0.7187672252026677
44.82523545537438,30.309377771892926,53.36105190679049,58.64971810990782,0.6521994087954214,0.5261532915643591
27.94873735701896,33.582526228125715,22.70877812927713,435.9377104696832,0.4971256955998854,0.5077721348499094
85.54753634178816,35.17201061553067,44.91261235369293,163.58053386398774,0.553477664111983,0.573970160829979
38.9889468872609,49.529420353455166,98.46939348612199,478.25579585267667,0.46919317315915743,0.8752315102459145
53.07232910602341,26.699677644858216,48.86871513669695,157.61362312182942,0.4159667976375985,0.6365474472163233
97.65270664151457,34.639284946479414,0.882392580448621,41.43718162816023,0.3166144574050024,0.3605409365593203
18.64832947558639,24.485352184680167,24.252753025063058,260.0209421762579,0.3841705610099122,0.402446807785329
30.14006367201857,30.49997698123918,97.84548304785041,113.93278965495519,0.44282369384772347,0.5015214015303493
3.106960006983994,41.51932156119213,98.90675134107325,376.49490773668794,0.5635035239875887,0.558858951254359
39.183770991005275,25.233864312817236,21.04930897717057,328.6528091639772,0.4999000777624112,0.5855252670441791
20.018343058485954,37.44053922650129,61.526408784385346,343.2345789611884,0.18635916342180733,0.5096763355070835
68.00349354078914,32.501030707040215,7.690833050541446,96.74474430531832,0.37197892436580837,0.4790168964751928
18.132145876585238,21.547386332134188,57.744164244462915,354.31513244257025,0.40095477488130404,0.45323967154575484
67.48127524058697,47.99225724435334,12.592070148643742,155.66551349016865,0.6655407720904739,0.7055322721518457
26.347542818931768,32.40809420878659,81.86615236426579,499.33701403003556,0.36631366748436356,0.530993081289899
35.52178341211998,43.517796072534985,93.95749876022444,365.8838315370032,0.1063646524677103,0.767470448862404
34.88606520463975,32.48940466195401,17.298680804948262,295.2057537042564,0.16746929866403332,0.5036929681795226
71.67517501636094,48.12080964736354,46.2712168594824,433.558889607774,0.49759873437618396,0.8339791598709232
46.650926313834304,28.714110032866923,10.204299847463416,294.65584985971356,0.2507964034178965,0.5753471288723102
36.129889885268305,32.366919490630906,33.9140007072975,276.3749333877667,0.49569792902338616,0.5850981603170741
85.26227190394499,42.76592720777859,6.509775476052648,118.65780140268978,0.559364297668898,0.630576925586961
57.19506256412027,30.310019458425707,26.454652801742707,339.0559976627125,0.8467503220554837,0.6564483478138239
21.38308212779978,30.93071214005538,99.02236670893015,187.32221412473072,0.6244639394790559,0.3929942804492714
90.00912781436826,49.844695202426706,4.460326732140185,21.541313906065174,0.12483257810674618,0.594998098283395
34.26502960336406,36.66843577071056,85.89683296186706,408.03089818497887,0.40458441462787564,0.6259533700073298
3.897937753732039,40.68141361010444,7.745257775410486,25.936583324370933,0.7347655766252309,0.22699754246459689
49.46002239744529,39.303867024608294,52.89969311173601,336.15006142026294,0.30844996479194253,0.7621450831573475
12.39380544408778,44.83772441469716,45.21197924273457,78.3604457424576,0.8399784572001928,0.4723458942679298
23.846644371574254,45.85475298325229,93.15546600206449,216.28475828543193,0.5232085668509102,0.7105094604991187
74.71108726874111,36.897683974109285,19.90498622850896,429.5458292733603,0.17395815345776466,0.6671108250546737
13.075181337631857,28.83668224899198,17.968201537963512,47.20977455707332,0.2933364321442243,0.23850993836309659
80.69442243540357,20.684007427249085,74.87140885678323,333.57533927631044,0.8250393592709301,0.8142596378306216
93.69072881309538,38.4320975319296,72.57194731003538,306.3093712430426,0.8931678009398478,0.8651370089466942
60.65321004079447,44.76406499796859,69.91817704927988,433.7648731781464,0.7904127140538828,0.8890993425001028
71.03591920228293,33.51619416534979,2.6127116172380727,86.36743566203336,0.356541347721537,0.40945146655885933
71.35866099074174,24.94118421472593,25.995968672490864,399.8937523179024,0.7150552100080788,0.7447160698962005
99.28079572704449,28.642462188069228,83.98951778542994,225.0605983706641,0.27778211487700455,0.6797071984579571
34.15382622016229,35.29966788535594,60.08581214567727,214.32195624662276,0.40761782995850215,0.5762375821985192
16.28565512427025,45.10043656933,60.21949207321816,180.89217541993747,0.6577345028805579,0.5314436100688632
51.91672349143215,25.15259438205262,29.59166054048117,192.78707309795894,0.8751210713476495,0.6504388593231757
53.324980983170825,38.364496271285425,26.017308855694786,259.97981321261256,0.45135862142512573,0.588749242254622
17.791248829614446,42.60105841851636,94.65548880182547,53.3999114617329,0.49666913682666924,0.44883974031464613
61.31094189941395,48.0814256100447,72.77552788532122,212.53293493647897,0.2761348231608436,0.8272228960242083
1.412473347682397,23.501110750365783,12.686611780183753,325.99060752976146,0.42257819419949205,0.2898107929907261
92.76684024542216,47.79174902493672,93.77069421437638,249.09617671915728,0.15041488615651552,0.8838230003922793
26.457427782126164,38.04402605523438,58.23701518180548,82.9147344248114,0.786868716501471,0.4361224856283388
3.956020839019181,43.001047622968585,33.33623669570881,181.52585089581603,0.11866767137136032,0.3495612713857889
10.824944147485704,21.613241287056663,39.71394463995984,221.4808372129649,0.6468196676746814,0.3993741227742049
24.02489482796417,35.184444669217854,72.54045103526182,334.4374073164841,0.3185773611633336,0.6088819553420642
27.39061686060452,38.67889022242381,37.62726516860836,450.3831612687489,0.48088754562652936,0.5806249039254688
3.280999949772867,29.205015196185208,57.874479911860696,275.1877562939092,0.325246752079806,0.3336796494426323
27.935481219372914,32.949506243037575,71.04994966484048,338.18406405868205,0.4200565344215236,0.5326197378860907
19.294173649348213,36.628944058387944,19.53749973059645,38.59481271970222,0.5374223091352367,0.32775945664809386
37.86209274345186,36.5764381931894,94.42414862425494,477.23351467379655,0.6127147291457558,0.7194455560957188
38.51677373559692,21.25584576220514,35.61727714354098,157.60434517776145,0.8522289144792932,0.5260329967456809
33.90077406028791,33.18445299736677,41.937475707691426,177.1458748439607,0.3657607214205183,0.42201695858530786
32.7923883530704,26.414544643766927,69.85143678678206,111.42139032075632,0.5678860103790015,0.4636521718381719
8.973127774125123,47.50085234256049,60.87850893877641,42.3350358827746,0.8213777177665954,0.4729378676082822
2.520494712616217,49.29739970370002,44.01198369391792,395.0233950709256,0.33218544636027403,0.5346314638235478
20.21143001564666,28.989406890562073,64.97420403007914,120.24504085308641,0.7920399849003847,0.3642840549556941
75.66494274166153,25.255561917531764,90.28283075720445,141.34386767265656,0.8660440771118794,0.6998120295213471
99.08097655511222,26.585124528450294,80.02836166454186,90.8981383031363,0.777994964501531,0.5913451618723119
92.85261750573291,34.33256766058861,82.42590099547736,487.4426401494401,0.5558884010732775,0.7962091121653956
50.42193555377686,46.23516797339535,25.840840856731294,390.5173986396022,0.6776924319946359,0.822279736898255
53.182385577793426,35.001086448129186,41.94033492976376,464.94982499035024,0.48485269484083504,0.6632352399899673
31.458156903584257,21.66176185145893,55.381914165405924,430.8616835267552,0.577804643559788,0.6115332819145248
77.39394386376563,21.19656808139432,4.4190819161482935,453.14839977263085,0.8795792535826178,0.6568486826044133
76.47566879326486,26.821728368685456,76.97921803773245,239.5170259245965,0.300896444924436,0.7238515238514067
84.42723575824445,45.28313832828286,32.34634244150889,85.27071867855024,0.7340376980325153,0.6804230871122394
89.55045771968844,38.64441672605432,28.259607804101428,163.44016717877219,0.5049865198038427,0.6152023320718183
43.434924822529574,36.88873561358874,25.929200935614638,146.22575849085177,0.24149860274549814,0.4909210533170147
76.68755681071976,29.569087777479265,28.337926542006443,358.5669188006782,0.6148283045635552,0.6725054570056325
80.63987287958786,47.88276215138562,33.80148321578322,12.836343153671216,0.7339415252280613,0.7180381840669997
30.845962249775017,29.93534734886397,60.48245580761592,71.02110745898854,0.5550046554586955,0.41709128580440225
92.924224400615,45.0483323795884,58.35653219000632,341.44256012743045,0.7699462407933274,0.8898295414766924
9.434150263965545,46.87710553927652,25.57117536018754,61.72117690022072,0.3926948912695899,0.32635004574199833
99.42691791632828,34.5000503964841,20.64242765732075,24.14592538520011,0.831014639189954,0.4259013358362517
77.00907181588694,46.82867808442228,82.63581900713568,54.60758230559543,0.6186560799890618,0.7622101328727034
9.327090532432724,28.304098621731413,9.272333767636653,345.33707652154817,0.7425274599452505,0.36804016823995556
65.62296481050006,39.753002785498275,51.28228412009275,69.66262970235005,0.3183880998866464,0.5845066782387744
3.4179410928260157,22.63891245573159,52.05608741892761,73.15218056824068,0.4569026495223334,0.17110958776816473
77.01869494441829,34.218026422771814,57.41368068116216,115.15009837954965,0.8276939293921163,0.6263158087086724
79.92229216590553,26.519954064750436,88.56501159071357,375.4553520982613,0.14071644040150524,0.7220610530643338
60.24102530914477,21.882898337918085,62.39139400947676,100.176456130388,0.42318537085054453,0.5494232860069714
85.68603919165704,20.111765242328623,97.36337662480233,17.6876983621036,0.7242549264430687,0.5436125444081853
9.78832802148597,29.742563493224253,87.13530833487275,452.9316777879703,0.6950517521424016,0.48045183353346294
27.59238420408132,37.68591783610289,21.474025948721152,438.15921214546137,0.781298264615493,0.566940429762009
41.41775215926705,33.65691042953472,24.118331022530114,92.4095004482362,0.6915122677429946,0.47840333814233
4.245795282809828,29.05307895558488,34.477413591517056,132.67129488672745,0.8576737193352051,0.2421555093867464
44.821608757116614,49.736000923287534,39.15144150801313,94.27878572182047,0.4986076442800367,0.7004612672310522
26.521345611256596,48.18575119939034,55.29951203076955,359.76726948086497,0.5994318694826328,0.7517029994408906
39.2735012101753,23.769599205124905,23.251263289633883,125.00444209461602,0.7781646068481812,0.4444834112758483
42.51026319923065,32.453222800054846,22.234518111376566,465.72487868925106,0.6613527598850777,0.6072915008832491
87.94117334876852,39.46540801980832,38.138995736807956,413.8205121917845,0.18164537509893536,0.7394031575189789
27.034097052763904,42.004723925898105,67.2023113212752,294.2005637848366,0.3935971620758333,0.6058847928473705
89.37431287162721,30.991164647284712,68.81256130961884,4.469112356856597,0.5420726386654977,0.5708760132914747
42.59709648128492,42.38845438206043,97.61167400402896,441.83470320833334,0.7037740350892551,0.8656454275417306
32.7807720693986,23.724500387320347,20.241543392181406,363.88082326627705,0.5348540550548586,0.5142375380964896
50.2512049335146,29.954378757731142,39.28591518569807,393.9536982705032,0.7220393931070336,0.6855747717133989
41.77432863628396,41.49299527267715,96.46774979390604,35.91260228599552,0.7700875811703264,0.6609368963012995
25.73723130551461,38.77048370781125,69.00087426655521,354.2800851092711,0.3121026162361449,0.5854367248652723
50.26793247960669,45.116306445849645,59.22785248220192,402.29473681207185,0.5928785385296907,0.7846303621809069
15.180173307883127,21.405710680014653,53.964605140134694,478.31767807852736,0.5456883019846264,0.4590498401507097
35.19299430229661,25.231751534691455,7.551038013625655,290.23523639121777,0.2818538021238942,0.4962968132439958
56.57902193740906,21.454837468158992,89.33738088159103,254.02092599963578,0.4919024713894652,0.7407400467461777
41.340824438985855,25.76342672747634,62.55052154151076,212.69839499095588,0.5388546276549739,0.5759335167801439
82.39123610507964,20.12848431898805,57.1667407928034,350.6438404823219,0.7538719001646917,0.7244807954187973
25.672176153516624,35.12630905036599,53.95003433218426,460.4106523573069,0.4687914997138243,0.5587320360149599
96.977157883101,35.84943186704766,39.19142073211117,299.87752435801787,0.16473278598075958,0.6494013416276984
78.47220208513514,39.73675344217985,25.466469136089277,113.6418207541699,0.4898367665857658,0.5397890928684278
96.75930259974722,31.547373416031306,75.53219853344842,8.786975154588372,0.7703607555011461,0.6116460715253339
83.81365548303042,20.09623072055552,50.95675177616621,309.5565591337638,0.5570043618620365,0.694821015095198
14.210392585164266,40.21673463222911,3.393953228922031,432.29894400952634,0.3550921821617744,0.44363865369505234
52.646009063501374,21.628732632437377,39.909449977216326,32.987638786704686,0.8367767583874067,0.4886359528611612
16.99785211957857,45.98511292453232,92.86036382228325,198.78560448067296,0.22452110770084943,0.5667993818270086
81.82273526272573,20.679619631238122,37.38945615408629,470.0234630404514,0.3615021219946418,0.671547523198693
58.41621491832959,35.914253697698975,41.32330079255737,250.83849792840263,0.449707752503664,0.6492533329796366
26.344931435690576,46.84753647156562,62.39611230550356,110.32911489429654,0.6903823103407011,0.5664751718041663
92.95989720071714,37.17468727366341,80.16748038158823,176.82820588442422,0.7685974337006088,0.6521369450698837
11.518605331426068,38.252502396317894,66.84611177047121,204.06978309740313,0.14684838099615957,0.44576270955684005
56.3862403471314,40.44832545012217,85.00547311229465,58.64475720839607,0.7336286563708757,0.692544855834687
72.10405546667255,23.67226543191401,11.39705870406983,330.3961219242056,0.6764227322005306,0.6740157898739181
5.884853733243178,40.247813024316784,92.45925533186488,296.0821645462382,0.8157218438494531,0.5679851835201769
59.78560332062036,46.410646460384456,90.3921932411386,323.8614389327887,0.8203543926604338,0.9520827968547569
81.59012154630942,49.226624985059495,51.914858658558785,305.39578434009394,0.7220204469283588,0.8995906171573482
6.752731441805338,33.291559980750414,62.47422377872011,8.336034144169835,0.25216214741094967,0.2098748682841196
51.22429711066271,30.335145550326406,21.281305020140174,87.23142478315981,0.35109720532484057,0.5261425590251418
25.855717814874,42.59928846788951,44.79474379813889,82.78600097293027,0.8490557590787984,0.5088905866355345
66.29244515369209,36.28622864285944,20.270336091981235,48.975743148994724,0.5785386398830863,0.5527119861635382
11.867736707884491,27.719139633650915,2.197667894101951,367.7378865991382,0.5310085875114302,0.2953129864137699
93.70514306705068,25.16473654909109,98.09030681270525,60.06860723924584,0.8325675520351988,0.5750952350251437
89.47285817147318,25.10690901778231,25.914651571020507,334.0970367251721,0.7993588592797317,0.7081681140592185
18.597441987570917,33.77531109818456,59.31083088978353,89.19515482683771,0.6819969226531046,0.3444907425522498
32.32658843651046,25.103732168469506,30.025038353786304,59.155089123963165,0.8058018433276348,0.46390008399719146
58.763497465304305,20.591568320344575,37.06216202104349,81.26502430803967,0.19106798175638717,0.5328952759741099
71.80623366342505,21.5626632490907,39.77615585822748,254.20172826901,0.7060351732799265,0.7122787736109171
44.26560151602582,47.89653631858897,33.50467313247577,322.7412549288778,0.8725121617574944,0.8584185956590461
15.629132196097506,22.188840234804072,63.73997593399358,405.9624300288184,0.13918143382512352,0.415187014921324
10.415149380287158,22.195420717428785,96.09362704886061,64.2811027323153,0.27843652143250736,0.24382351828941531
99.97653369143438,33.535653366005974,42.8634650006233,308.09337369291507,0.7351747110923351,0.7487453080610729
45.535212144348726,27.353008470050977,97.33267240542651,386.91979970562363,0.5160377315445219,0.6753632119845314
87.25317491484982,48.88081556517493,66.77972373447831,156.2025857539422,0.16929468363300906,0.8289006190355672
48.237600462911445,47.32957518493413,60.713619502100904,39.857789683718835,0.31436642332481696,0.6939925205344493
92.23576385460032,32.14229746013801,23.710385179892302,77.97298153325694,0.3592476799381181,0.4800761482803448
8.77593827715506,33.46194558248778,6.292070589938081,45.77932378022837,0.35685017747675907,0.15269519776077348
11.401919133455095,31.253409592267104,85.19347702918289,443.605965511339,0.8021381995750655,0.5239859819551652
92.96321877242242,21.135983499293847,57.3981063944269,188.3508341801173,0.6296291658864331,0.6400792772073263
94.74930450447849,28.78540517764126,41.441386242488186,261.674302567893,0.6879338226952095,0.7137161335670278
31.471744746536334,23.680204088359524,81.19673220884835,384.34407590215733,0.11085607111084128,0.6231298461548244
35.51648869938718,23.07110990045368,31.05803825773188,185.74921106036192,0.4420096023683454,0.4795527892939949
45.2450234834758,36.825847188091636,78.36172559644872,324.5513273138064,0.3542565024524216,0.7054138476964601
41.61616800672908,22.96294573140687,32.7963835405797,38.339926609218864,0.7815403217921391,0.49569899976984566
19.004521595959666,23.087939713857907,92.08811864041635,240.45282378430022,0.8630957231358813,0.46896629460400807
89.83753839393745,34.41541144458046,26.796687445680256,48.25948308515382,0.4386726796696042,0.4896008238613864
25.330760070564374,33.26847095367916,13.755411757457114,124.14207034011405,0.878448491657039,0.3959002001778969
70.52724094776515,24.12904355397108,69.80967083494119,146.6704137977343,0.1114873632350145,0.5649715899608321
6.7155677734972885,20.13347074426589,16.28472530647708,358.7919019434733,0.3605755233668847,0.3428139513239434
3.8751331528429467,25.789233253035313,94.93630502889856,337.0520931446269,0.71994494234396,0.44832885046479787
65.37304725769206,27.076767625461223,65.5555112388866,373.5400444655329,0.3880797043800265,0.6953535503524414
33.90158575732604,44.00745330826603,23.086066128452597,30.87752361866758,0.836769864302333,0.5338555541015998
65.54593927200013,47.46315051581645,20.881893428542874,496.9571060865234,0.2747719139985044,0.7502355489283217
9.402120216883036,32.178331924639096,92.38750391204216,27.21001435488446,0.7365333818624886,0.3336839893712695
94.98513799158633,32.15080179502934,60.78579128498909,412.873895719577,0.2613618019220195,0.6306391524369789
74.85144668930954,41.374438512796004,89.37360066724167,370.1344667402678,0.2576839341382702,0.8193320403197095
87.62672330257992,38.807660471140665,11.022520484582522,295.8808952459099,0.45659948670661954,0.6656652297114743
13.647055404451091,25.524205600802276,92.53921955791762,219.42858257249358,0.8559524706642659,0.4612194836066072
32.016096889286935,23.23067366887584,52.00493119940883,378.5661766350913,0.5683639695218786,0.5901470672127583
36.83441642063441,33.12835671965152,66.84219163313504,369.928901634423,0.6080263158988641,0.641585551965422
53.717264832681856,36.94485089488289,37.28754715412806,68.58916774490226,0.10778613797489296,0.5339910906256858
29.68684855074143,24.161228094764276,5.91403220058262,396.3162364804351,0.14529216370541215,0.4502304962659267
6.063074218940512,28.798204802253338,95.79724413418292,39.27849871748263,0.15354722052881878,0.24756273438335116
36.88783807374707,29.178289892917245,99.4598329108482,250.27307106426738,0.7557137397289857,0.6593907906387793
25.454931462728215,27.83894603072492,36.4546848760443,322.54091328359715,0.2894816974066685,0.4613202304259361
38.59212914632148,33.82283798875373,94.38679297519796,410.84442868761386,0.3630705477109938,0.6473978522960788
19.695954262002623,39.591907529592156,16.77262909615642,231.55510904652687,0.5879622229031845,0.45115856331183674
26.189637456473548,35.28169650847977,15.468444965857554,118.4290387825726,0.5671634541226553,0.34655500327346117
62.695234043226876,26.043696867420326,7.311184000917148,245.32980772830325,0.4284235980547523,0.6034476198723869
38.815383457806504,23.088171411421992,39.126940758415074,125.10405521856005,0.1034401648278708,0.44162092377481355
34.538339316949205,44.65611388696101,5.230225018159917,264.36269072807414,0.4596820600406526,0.6138122303447098
53.39056327223729,34.37914048153357,39.465718961289674,231.25409155325895,0.6911060925760185,0.6051977086619924
77.18605408439258,21.864175524016318,13.839042864966821,390.25224187519717,0.28819145226036436,0.6330642587596605
37.886795634795725,27.74364498948674,73.05277955729574,120.04505672126447,0.6666864082190544,0.531445001939351
58.75194925558406,44.121013351524645,83.3362649336408,99.99259209516975,0.11212225585382259,0.6682078575335892
96.62026253681762,42.5517897432065,68.78154277962881,237.09266978347998,0.8264062434516254,0.8697439070954169
52.19801141180507,46.27449898692133,20.049415243615588,25.25218259542533,0.8600313661246326,0.6616858774231215
90.97975765175444,38.06263478005076,76.68481929079557,114.67031421775292,0.10196918673964746,0.6505758329568051
79.36726242564269,32.68717803074165,24.9500197033275,176.85245709384594,0.46625473104520987,0.5749432835980435
5.871868165014971,32.79904992663352,75.94885969685275,243.81485628045513,0.4310575521909352,0.38636165794898936
42.90988714692568,25.820001334788312,56.73975748963909,134.71835561268202,0.7735066847356052,0.5655310406285471
69.8318407868588,39.52396884553646,36.671251629120974,280.3182473542032,0.532577273058615,0.7425880458507851
98.67119124482,37.55206268278562,8.349237801605769,439.20733322258576,0.5890923759488408,0.6925671321771854
45.837629116151255,24.645932342865077,82.75095098070257,271.86373067880106,0.26200480246913793,0.6762608587413979
9.278545412673944,46.569887601361245,93.96529207982253,143.4197608682159,0.16165173439766473,0.543169619199802
56.20091747128678,31.05404609931791,66.59177800006375,30.990486001157446,0.6538648777461001,0.5549868390341769
12.656379212396029,21.492162965632055,96.45415666934389,68.33315237416183,0.5965407935755427,0.30198391541373526
75.15195602793933,29.836427623393515,93.41114190429911,280.6086842735953,0.7658629871866224,0.7120130726712399
50.76769974617778,46.09570144134727,19.460840080375363,341.8544190521899,0.7757467579536445,0.7613731757943188
72.34313683772865,47.50869757585353,73.12123485982134,24.83397177703528,0.6048282191783493,0.718509399032229
86.93618268785237,34.711952517789,34.93048194376945,92.77491485674084,0.5306891063602305,0.5234529668850345
62.89480171627771,48.69019820220254,48.7517360565626,159.54063533828528,0.8312066152094809,0.8339045553456238
61.243932925318155,46.257254276359276,15.696543114884577,159.8865544402512,0.7410113086818538,0.7093616681292719
75.45702954396313,44.75692151297676,97.47794280576525,479.20350708898053,0.8059399959740625,0.9359874174761219
84.24550014526673,45.791301940466184,72.61373830764086,101.88529897121128,0.8966727186191943,0.7889723746877875
86.90537862770027,31.456262365064703,26.69083096309681,31.260174739554447,0.42280463021321,0.4635715303539698
3.6430195682883304,42.69406822266631,37.147169016803346,176.50741465615954,0.6735477298326006,0.36544059172052173
55.61902967977893,37.32017009228448,42.24829268287844,67.22098551483974,0.6504542521852626,0.612688219384544
21.626930979755144,41.5905200522092,74.75337241438402,63.29098256789456,0.23931417066623997,0.39960556737925923
86.03458907817834,25.33358322742324,92.56972667695845,203.72533055856417,0.6092388797544346,0.7057800837359027
64.83976852033612,41.941817353248254,32.14401329845716,153.19556962497433,0.44247142070312306,0.6437555976124021
42.022247903243816,48.72777302582515,47.250008828041956,45.86338807767976,0.4605084720909689,0.6658655527389724
18.81042281213513,29.079899671442888,59.320757283470115,302.15171471372463,0.24411039188324557,0.46668553674510144
33.90236259198265,49.58483971866881,39.33439924003156,250.84988301017503,0.695791476908775,0.7426047805006597
70.37776945402246,31.351280444161134,50.41813233656852,38.54983447565269,0.6583527917426046,0.5280699782864702
20.43595452116388,25.991704910630986,10.5707629020102,431.37223700707216,0.5258321112017309,0.4572527653335493
9.358294533837274,23.36858689400715,16.767438772016607,142.35652910616636,0.22537535298065717,0.2144610740217107
88.8028758227551,43.54885739864533,40.11012572201449,480.69039247358967,0.5454918282857014,0.8528299702210225
76.42103495801167,36.64476201129705,91.49390117705525,465.7693162781628,0.18010673771761632,0.7481082463712151
19.97949306581326,29.213938809860863,34.93580457446336,217.04831310937638,0.3714976209138052,0.38786251775936287
29.231154342999165,38.25351109381273,24.979280860501362,114.28347021916746,0.39788627423417033,0.4064521787058329
97.20701771308858,29.963035635230142,74.28622208492759,417.4263562651113,0.8067403140325157,0.7868881048030462
70.81844867591174,33.45073271985376,94.91301660766092,180.6429208112234,0.43244966035550814,0.6460217787224836
61.05220042138247,45.87992377259273,45.912361706354744,81.77534733564912,0.5787758949006376,0.6979180881856524
30.762848542413035,40.04499430577494,0.8604955567183104,275.8038579094706,0.7998231903231872,0.548315627771271
29.912514416652225,42.87205519114149,68.8149331475618,244.7012213506329,0.44060755100450366,0.6603286700956251
3.9523618690230466,37.50480654408729,41.50608016161449,425.0089394069782,0.8069628160565857,0.43008504536753017
72.84818669019315,49.74194146656863,67.36455366162151,364.64068991966604,0.2091690500213118,0.9058445090774373
4.317522505688453,27.24230198872678,27.771651582920352,438.06974341837685,0.3918745257279679,0.32432909921579045
0.4857337777279036,27.868734821564445,0.2408143816962416,367.35145619368717,0.17578179925317167,0.26849814810557415
72.94950878609792,22.776768162149985,34.44962187456038,321.0874803238985,0.5487437034250279,0.6821444758427779
94.88737571491254,36.620585062121314,70.47923426129415,250.08857613850637,0.865825648326242,0.8352442359772856
75.65030477273105,38.40077709225103,39.31132830091892,493.77664474822376,0.6255614682570122,0.7331041242102475
47.164019062437866,41.7788471869646,21.917413965322595,479.58241200008615,0.6008604938789989,0.7504813619431279
48.6045249560873,30.06337777847783,46.400686413410156,424.4264907678748,0.32252690579451065,0.6377041760459659
43.61364226491054,20.367704055950817,75.23485232983855,387.6596068927639,0.8448854068984974,0.7728730623220099
32.464366711033364,38.966886112649604,11.943308679230602,288.77977505925605,0.4772278278205556,0.5216502003044444
52.17142141858402,49.96086477561148,69.17520336466478,129.8766802631034,0.31360164243665534,0.8108026616079834
43.115095714111504,28.836480613699774,66.73440238039473,437.71951354398243,0.8901599843464061,0.7080158568497374
59.81678800407747,25.518033574070593,37.07378796850713,5.408067439478859,0.4384991470357912,0.48052887935102234
89.81200805010945,28.453008734790593,97.03361913794944,113.7199833969666,0.39719918592763537,0.6084893537512633
99.50094173238104,32.76246424331141,89.47052994803515,201.8662225422349,0.12796901383906756,0.6236967962610936
7.874328988291712,27.52738786857694,31.616148080206983,293.078577617036,0.24263597851574606,0.32590212813742847
38.46834726613414,30.408800761025898,3.1091093393843083,280.43966018017795,0.7473530840578243,0.5830504964577684
18.070619576680947,39.14620215738088,30.830480674507665,87.90791319264235,0.48615608368172025,0.36082335561830153
35.21204739255337,30.35083960527844,20.472194254104327,52.39909990676589,0.8638997815401549,0.367526906503138
28.7473018548423,31.88176834350964,54.72519140475928,111.16446379263984,0.16710864257886504,0.42752283469133456
17.45371316267883,21.200937883977918,91.87444211821546,174.3543944482418,0.5927547539187454,0.4209423050863025
76.40760534212905,47.53827504868609,87.03375100375214,7.026843960043106,0.6759873180346523,0.7617610737343863
49.62887428292358,32.20657879744561,30.582915566482672,346.22791027492786,0.5969465011716828,0.6810346912126655
91.92455822172258,29.84430548104383,42.859753355563704,123.86371786874572,0.5239020481006844,0.5838173682517881
3.259244324701449,22.594525887361534,3.654219907956646,175.7022182741812,0.5626386562709688,0.2586607253952586
6.697801313198992,39.02549646185551,54.416350764914945,167.45084529194975,0.6516396731011361,0.3545271894590349
40.32735829303441,45.91474850791265,6.336798005072886,255.91490043926092,0.7906108349100233,0.7076978448100357
8.027732040403713,21.234596001572008,93.86061662290996,429.8998610473055,0.36907571542774864,0.4808893541985724
26.27295964148335,24.358174020981064,86.69338348522723,74.69497675277059,0.4677232643533341,0.41117944404548445
98.60297430766236,24.39169486658622,21.4187626437503,170.36355661563502,0.6087276692937367,0.5422360438813789
20.895960748461405,38.06824566043379,69.93686798620455,346.0144038658918,0.35137276186115807,0.5448349448754233
19.81177414120907,47.63691508155107,56.80203824333331,22.11570664021839,0.2430262927573563,0.4624668665592709
57.364066879570906,33.133051011965286,80.13577125161831,414.98931758111183,0.8729350054225065,0.744979212323422
49.79982907931567,30.31419344581552,47.565210675151995,480.9125702487133,0.2557831110369898,0.6799039444005682
58.04382972028448,42.975220567900735,19.1771970665778,303.8186012909954,0.2861864763218006,0.6786605641183181
37.673527820854666,42.27707185266954,63.98434001228317,478.25418551536063,0.594948880386074,0.7790077697841049
82.6762359894947,27.40268417831629,8.028032699594501,206.53091471587388,0.16189464793720224,0.5343423074254128
13.858055144246284,24.82479086923658,58.45879911684221,207.51586532756843,0.12723812305216528,0.4150785530414667
42.83926458414656,30.73430097246069,21.270480546445757,53.12445470671873,0.15121088304427888,0.410357907374131
68.9761848444087,43.268101766798935,68.49364371235602,17.723467499884848,0.19861091662861466,0.6112008619804749
86.82364402828998,40.85190169744935,82.80431617281086,122.25215906726694,0.4433574897073498,0.6799022302583745
36.95716063567577,39.97561119068615,10.952472928207246,239.06432855057386,0.763408514771593,0.588461295985812
56.77455990937528,44.882856804896115,40.02685521485924,253.8411954314445,0.37357751447642185,0.7624994750074114
6.913994500726151,28.313909370241813,73.35215877759967,108.78769087071666,0.4420251317179358,0.33824507067833876
17.031908811182895,30.1905117640853,16.37030615188585,306.4028373307138,0.5802008742686936,0.3800792086492901
6.913816246611448,21.270183518275278,56.652367003571314,90.60293741919395,0.341715540499009,0.30982047420116926
72.7880891998522,46.062373274106,67.18389818757231,163.10557013455008,0.4460303030143844,0.8150515047323664
28.805996872214067,37.47289204766534,35.47936072393823,97.85475759466372,0.40904934949148863,0.4011734045362975
72.37452901918377,28.9436687565108,83.19822742026011,348.33179999506876,0.3735068333200159,0.7912853102611301
6.639827904327456,22.082495943480968,51.06581850467138,258.2862541111559,0.41071453558563,0.3319956518074998
86.25478004083254,41.70228509487379,62.699483994051,368.0505495363077,0.10889416832965067,0.7739824442842514
83.55301981110917,42.46212558647183,14.08727967047787,28.624084795824846,0.8090085344972677,0.5375981023016241
8.892874305028265,39.98535956345068,2.3160174532669053,212.68104011757072,0.8818774379589527,0.4184362952694004
2.375650645718652,26.113429128401886,5.07485708249863,483.4792894907103,0.7899969531329106,0.2557230024705773
5.628881298199118,47.39648175525815,90.39201481982158,26.80975735318181,0.10459381924339334,0.3398078950960983
85.3630173146734,42.594740570626286,88.26423842482511,209.18934484798106,0.7007084373556975,0.7917522213640715
23.470348905189574,39.73268970751911,80.75914391618426,20.19910942781028,0.5584801380693708,0.48637876876901054
54.82733178581887,39.528317702653624,19.96120912348608,73.32666048539998,0.17533992880620028,0.5428686162618379
42.624420318005676,47.130731002749236,52.54586519495032,231.26322578652574,0.8462873079036781,0.8011032529981529
79.5525526228602,47.84921399291371,79.61171005483733,78.7566988420263,0.7209737033781095,0.8257644321591834
48.88983014706706,37.8691225403072,67.46691812557738,259.37771248192155,0.21623702915847495,0.6980640158814837
50.06608406612697,32.50008232887645,11.552119367593761,461.3658413850348,0.8712331437547969,0.6714564015677579
98.90919394999024,30.912019386782486,89.55411998124238,100.20377909871337,0.20095900224851207,0.636450201893677
15.01295567492571,44.572365232421674,16.068239277796227,53.593254856098895,0.46374390280742683,0.3375548354579858
83.07039387459314,39.33816019503001,17.179569341333544,412.638280991476,0.22718058612733838,0.6397807084383165
5.174974560388479,22.31798090760961,90.10086291707083,230.1349237068776,0.22015263604632357,0.37577451942841317
47.764876957297076,24.265580390450815,48.46169390945161,441.3055494220689,0.8742445906996882,0.7348525030760167
88.63348239330236,47.00557685314539,37.289182595646686,153.0616473326936,0.5576982251138721,0.7411159282563173
66.52139656041213,46.534944443135025,55.36567422980565,313.76600259354484,0.307339934154402,0.8684453312493072
68.52146193661329,48.55497346092407,98.13973328321114,461.65677715083217,0.7211194966932267,0.9468071550613049
26.331728225648554,32.835529019849716,11.963045524104288,85.84789972395296,0.800195519442006,0.34783067331824274
41.85747913614543,43.521827229221216,75.69488487920653,400.36427965270167,0.834083149430223,0.8432001875777436
36.658106349905054,44.846750819429644,33.43258622441275,315.75837492256363,0.8463879767734976,0.7438424833643109
52.14432101579942,29.470907175145793,11.704927084762373,406.4733723135267,0.8244654638042362,0.7027914335430184
46.222793014366815,24.360131336814266,42.19333553529386,85.34667247655409,0.6111459167412565,0.5317711160544154
32.68983518769893,49.910790849175186,54.875287772527095,217.04323516850616,0.37397331984564575,0.7035063135923116
30.548061237117007,20.906576112540495,20.59616377281469,64.41861423847634,0.8404541419511057,0.3952848437993384
25.085289165512215,37.92007756134329,40.52694590966025,480.0410539926823,0.19799722240030881,0.5405846626719103
36.50472468847584,39.50636822545127,63.56760254722905,31.34586148006724,0.23503985204065403,0.5024355267044096
14.994147793406064,40.45368025908945,57.64480197202222,32.74169899719415,0.44706203239655506,0.37385700474525113
87.21043020035738,27.668832319072692,72.31605940548505,449.07809609085115,0.3269319537705453,0.6733443024569179
60.211939183342736,41.64737732896552,83.64045329374012,150.3810740688375,0.5925862513790972,0.6733689937314651
13.378642559385545,26.491986898437965,40.91403317693737,298.51001642357505,0.8242415383716986,0.4900530777339617
69.38593342090013,44.87114767255048,42.29672754622275,143.73776445365337,0.4928250610979581,0.7191950722482561
84.76664679979731,26.573500222539035,49.66921344551531,324.3791878137658,0.5430964747348258,0.6967921001853656
23.753567205225888,40.901180872282325,56.635337838130354,96.23468463501361,0.438506983184874,0.479985186088741
15.06005943372639,43.50240457501928,10.832267423789165,229.43472902573464,0.6660553279807508,0.5164776286744887
0.8617257133752054,25.668372513865663,31.263535419477407,266.7460873901972,0.18055102387697108,0.3029429711950341
4.725033885648511,27.13959462897808,17.189179537702426,166.821445143565,0.13887190874124924,0.21927305365329194
76.22513483035117,43.373112162031006,38.58527623441316,125.85030563447603,0.6130707795465302,0.6525944011592625
98.71863320416938,22.579969149048587,97.33540725740365,70.10333383560841,0.5279028361233216,0.5768221154136415
4.48803224762766,25.722828573999923,58.27309566809797,353.0721681539599,0.4258864232155022,0.3116747819915964
74.80709590798926,33.665927185697456,42.93815199205463,84.14135799721161,0.36719411350333764,0.5423280892167915
7.186216584096005,47.90545786234311,56.59368952237088,146.06319559407234,0.14144595523450043,0.47326833061769213
59.21328249036668,36.85633504679031,66.90765554271792,168.45438230825872,0.6444449299311983,0.7126557440175045
75.60752824282379,31.630335446246765,43.495346329040096,227.18339848983504,0.43717402865657384,0.6469896903641342
35.920439726773765,49.3511066666743,44.77098042528872,351.2843497750335,0.4562144316156934,0.7677361926885733
1.0934721110663737,33.911339186638656,70.14011293817086,213.97256732685273,0.8147558811295135,0.3463626590100839
59.51893521254259,33.01204921062446,6.086258320570126,435.5468107177417,0.690038306018783,0.6056546210702243
99.12446281400278,32.349329506631705,54.00805682883442,339.89282331009224,0.27555451895463323,0.6739178129745718
25.761742283849575,29.365402178203887,54.732781221770146,419.24335806509,0.625733197217426,0.5161946928826152
18.94912771872158,29.77084429212753,75.67522611283809,358.1769806654703,0.20580425480292616,0.5477939904231727
12.392589275351495,40.635111797884946,98.2644752336658,74.3158999185498,0.25525109428171455,0.34788084501449634
55.52556199000561,21.225067920256436,79.57547867868081,488.9636509320451,0.6713193925859476,0.7604243634744445
59.64450993602733,40.454501769389566,50.3788612650468,393.2931328841828,0.20071233459991805,0.6791717361875558
79.22708371704023,26.036134943776183,16.945317960717855,286.36088431700625,0.32415516109678233,0.6139918893363036
75.30732736205097,31.526240096134785,58.82609716331706,82.61547036906308,0.8184482143868315,0.5971492225732307
89.25414947950871,24.39616917680996,83.4298886712686,86.34032428948724,0.6906523826252366,0.6159217438463289
80.57726983423014,36.58253132217409,93.24140636453325,307.16558743007084,0.8435676141128159,0.7774736810593679
24.726708307944445,41.88051334856419,82.53103794941006,208.09856650100568,0.8054666735689627,0.634180036228329
55.58774048757611,30.63966728169094,18.896860636256353,337.9297502575729,0.35006353758025,0.6041041407505785
29.741195909357998,24.90249732620789,71.25758643493315,186.21386244985132,0.6059019475848293,0.522423078975056
32.978537955150244,26.795167457935264,88.01549474858433,256.42258572829746,0.40295654249741863,0.650816710478865
93.19443692299963,44.543387555767175,68.10169666269752,93.97901898198103,0.6576834653008877,0.7385221909809734
68.18959050670735,28.029462051795573,68.57520409282152,77.6005721469133,0.37876561732073044,0.5841748004099433
97.45904132511059,43.24107779033682,50.01622862510787,37.8223818492453,0.10105389750404736,0.5750478335893883
41.69125367187445,29.93598220418633,63.697622212550506,409.81965244927613,0.17515057213742838,0.6052538092751533
53.74375733539766,25.661976630288876,29.43807192230211,277.6931257898306,0.7168098609782192,0.6613173900752326
48.71154199164217,41.819256788822926,8.88100867857452,473.57051995333114,0.16720419581780882,0.7403943087921423
10.728705752372692,34.056350884256204,82.77149047454004,374.743140679664,0.5795381465921939,0.4744319240790094
23.670199452660334,20.938317538244192,94.31443073915156,384.381580124747,0.7862228098873539,0.6051568112583023
52.76363606044821,48.798272580331954,85.68223353769442,254.52921709850773,0.6928809894736901,0.8980992559647507
6.737430513300624,24.432603352163223,33.3913553780803,407.7269682628253,0.43075103585563257,0.2701877473605157
93.14619293088893,30.602209293592743,9.35301513079283,471.0317226569084,0.2668833722345224,0.5705303006357391
12.384368194337082,31.54383904987122,28.013838763140654,360.87012616771887,0.8380299901934621,0.4944408098812074
19.79807464169071,34.6828969777524,84.28353758099001,52.794470443500664,0.5531197454280479,0.39695651950538313
76.53212239386366,43.56332067002512,65.5814507633216,325.50992962675315,0.4243360474136447,0.8788041598878643
9.693454178931372,20.182708390253804,96.66942441029371,60.21660612054597,0.8536461592186226,0.33293153220678656
90.02780996154094,47.97416154008224,34.26810184371034,38.611211209333916,0.27201419509752867,0.569478805361329
72.57009707225356,39.379683806090334,55.14721202916424,346.45020255796896,0.4538254979628972,0.7239180863283037
6.86208571088589,48.51946637446807,79.00382216382279,417.3927159620193,0.18691656733080508,0.6070287177573488
69.18470612856528,44.52168612249457,23.399194273181234,79.4207453646833,0.19990420871963055,0.6008953045053212
63.16285421713178,47.8351465424965,96.40899746596658,37.07430398302236,0.41887700479746814,0.7374264764710349
75.73494327399186,38.03001652807034,59.23976724918148,443.2614470960219,0.6597282847880793,0.7515401420722049
82.81978524893358,30.719269486315245,0.7897563319653189,66.10466849543445,0.3711151553233467,0.46085355825582325
71.8350563173155,33.28742189340811,2.5153275628012395,17.543046871868583,0.6516783780824017,0.4165390413497093
58.61762952709719,39.740969311523386,88.22160164015952,360.5271843832445,0.744152375401914,0.8468626677987175
32.24633185817777,32.807955792990086,64.52815277610775,423.85777704767145,0.802062331722669,0.6327806875856915
69.72736618299291,41.950183504033674,76.30725190638621,257.23667073211317,0.13577560324298954,0.7597588115564311
95.69715846307794,22.755440482400886,78.40160009569081,269.9626220468939,0.7189853239784733,0.7224377324106765
58.75217805288743,44.89959946954666,42.04597762507765,168.4302563636893,0.2177136977792145,0.6820691723930015
66.43448684342539,26.125659189260126,79.86112461423018,119.23159943311629,0.6586098346394673,0.7012969785519716
43.71280421998007,48.318428285741675,93.7532444812538,377.6160350877931,0.39732997248000135,0.9066751064957351
75.61208097430743,24.666373998118036,17.217110776962162,424.6422040605213,0.6662346381558895,0.6795172084608523
99.76673923386359,23.874925883071935,76.41363995420207,160.62237908259834,0.27105939560639747,0.6038691893265897
16.03893240677361,44.35628331762179,30.779200761556503,136.9095924378257,0.6159925751207962,0.404475613458581
20.24052795037623,44.56105483109043,32.14930030538539,133.89585977252506,0.20041126964955247,0.47164422475916745
53.94377586643895,42.16278259643742,41.27548510363862,25.29770901117806,0.23579643812544557,0.5904831034886495
48.137539726165826,48.81591391714114,86.37195199080855,140.53751242019052,0.5915695401316478,0.8281410619054776
57.15697845067188,28.11618886056248,2.2056067310049166,12.825458484502505,0.36941719332028855,0.3885113409814942
4.907404772427304,44.799462169708626,43.39262068102639,394.2038112341864,0.6630224584910468,0.46875639900208443
40.4276456330449,30.561215901302624,68.00476495692706,127.96341451548,0.6481275483221499,0.5866461648994425
58.29782620655608,36.12195876708022,11.041545828252197,345.07759467568184,0.5973071922040627,0.6809771213250927
58.51913513049627,33.36800089103986,79.22535970174165,271.5941927702781,0.6844324329874543,0.7276808150649605
65.73339617683736,20.175500680208216,94.1902597897353,418.73181498859935,0.7351481925309311,0.7506368312309044
72.02160290026637,37.233865806174734,9.09348210769786,480.1893637785108,0.8291386259774592,0.7169808767156066
64.15472033408565,42.42517663291859,15.294813783087813,183.6458070645825,0.16441266358540813,0.5972960014636622
79.0243155389435,25.236571507258137,97.40972249462028,44.17040994481858,0.5572392118227598,0.6385426673811798
62.47606346845917,47.94967585679112,19.785564078574158,374.8228821929614,0.6990214668963207,0.8263908713582021
53.75076625372045,35.91198618255511,7.893967570320449,10.651163099591688,0.27355316533590185,0.3998202456890708
60.61964288878109,25.347380094532806,95.21925363959002,111.48166724312314,0.31089691438155675,0.606764042969973
10.119336675333235,39.378427127506555,89.2622709809469,26.625334236569266,0.31357147546833664,0.31672280343437925
27.315654072551997,25.75768125546032,65.5725472733131,449.0741858099077,0.5578663771796146,0.6037311139537179
52.73997806581312,21.90600044886009,55.14309272875533,2.6485408507861408,0.3929364547725278,0.5210269424314548
87.2987215401707,40.55945727257726,91.92326963027703,246.3710825076159,0.6328757920972793,0.8343042532983603
67.9051556287993,23.320846499164833,65.55200751114228,211.99956357949006,0.5881917455743491,0.6785978232479752
9.040807847189757,23.18652345129306,65.839665931507,326.3723322740698,0.6256894664824388,0.435613340250897
59.22749504444044,42.1983068954544,84.36855642019529,144.8720442846249,0.3018540934473811,0.7224722772510481
22.173798763709897,21.656066996242135,65.32456772924209,436.8477002347292,0.7138971006583975,0.5363189621570298
73.4016559788723,44.29307537143864,50.367688703767755,367.17287079069666,0.6312284406149551,0.8754678273957307
82.74408525087472,43.884462759434825,38.97214978984479,216.14721299611645,0.20451969010516075,0.7361506070369751
59.34562725899733,24.24180284233298,50.313389279124074,179.01312475627068,0.2601382819272531,0.5869478242562138
59.13626097517097,35.55141941830907,52.24786490871944,407.94412374879226,0.3407721170451721,0.6615999686160156
33.8591443210814,22.89876472906827,36.08318811182518,378.53014926788535,0.848833206270985,0.635778499230455
44.62500211613094,38.977136593579615,44.8118408980346,199.50002901202373,0.36107989088338666,0.6226342369071433
86.41083538153454,21.887900389116396,80.18719328635213,170.6859313050636,0.11590326613225539,0.6214759236773659
72.33203309671565,48.33442568968242,41.65133686758878,19.443994831271073,0.21330059012707991,0.6866709029809519
51.97536596958431,26.23192206108745,2.555976663542936,40.85362272007281,0.12573745892065027,0.3793034862149145
36.823238624837096,40.48683967845935,28.301932177384913,26.959227777117345,0.42227139531457325,0.4346188065955639
5.037973828855435,23.8487427313133,23.174186409169817,12.207743174013409,0.7377227207757632,0.1537054153948271
14.300740132638513,26.287893449803295,79.35820118319684,76.43619107039046,0.4603486244712027,0.3063970561584224
19.302518953937064,33.52848946650112,44.92930584718088,428.5709088402874,0.7711953078345174,0.5059516728872537
37.33835432586747,37.19288424024549,28.031054303513315,399.07965537793257,0.13802345708858993,0.5340971670052717
94.41436470762746,49.96589721175049,81.07048838416246,422.78692391409857,0.4757782913158112,0.9300014733189207
50.51533948587487,20.777786842728325,1.921680455661201,311.90018071273596,0.7296602977035368,0.6054361162426686
23.484016325923108,20.009432589322607,17.42508427312176,312.031550620335,0.6397777741231605,0.44342581860676283
10.575013746151408,30.51101284144844,82.69548193957999,61.96587327650832,0.7822604297123735,0.3183942874581616
33.8305524602964,30.984691034072597,55.06517276604026,349.48267682119337,0.31906777912766005,0.5793842693997654
81.57306355510569,46.51511708295895,77.36497745794804,140.0132054352365,0.500680637030439,0.787336635058402
38.334279341050795,47.37747643091906,83.81760147620776,259.62666489310055,0.6415028626737824,0.8220479481419651
77.25058060224134,46.415749290779566,94.19634885885397,477.3613019004287,0.23479196492703008,0.9463028293302999
80.27049761268789,24.295362514581434,6.342459930333799,435.30769715921366,0.7526453717416296,0.6324898141105628
11.082076969870414,32.3631450554322,79.9234743298472,116.59675364789607,0.34917604063277824,0.35822825498652255
60.865975262678376,42.3765548688507,70.87661482198348,368.3253078501467,0.17464584313255582,0.8202747900025632
95.90960633711107,29.378332033527244,20.702560067655916,52.04537497960554,0.7125610325455685,0.4928846213035538
40.21380749035539,39.897140855316536,93.17022663401231,13.371242872016298,0.6640143837855842,0.5803214380762953
5.094408900302227,27.11428589573276,40.4201880306392,14.087137390930094,0.8069438026275514,0.20215546575747873
92.33026902578786,29.702577738824242,88.76105274548041,85.12324210900618,0.8136597963496993,0.6441915595789851
88.3666281572483,45.812889480454515,60.511370466492544,347.4742010468965,0.322820627665262,0.8223172384501491
52.21414472090018,27.515271082669855,52.674794654095656,181.65294672900933,0.613090220174256,0.6163498871924664
55.225312034400964,48.92972260654589,15.95239338959794,7.971219483345893,0.8992983969375936,0.6613920259739235
21.174110277612492,29.18778682810541,91.43276242873128,494.01131568842095,0.2950452387688577,0.4685661865046434
81.94507555446373,20.70584329469832,55.66619073622462,266.6892016159966,0.4783013348468945,0.7248792258854013
49.86000383921264,27.64702711407711,0.6092405496817443,196.94010755565878,0.8281330917124068,0.6290948076534622
3.387779514255651,25.136148267302772,1.8284541070283211,259.4249475244157,0.18246371322127708,0.22344965218661392
68.30149564489977,35.204808986526494,77.76326050180475,259.98545492927497,0.8425999180449559,0.7760846036694462
95.0496269802706,23.3814819898358,16.193635337838963,235.11828854649684,0.49052447564942103,0.6185927696225696
82.91504903457503,38.78146631736229,59.87384356281452,306.47445223248536,0.8144326308576013,0.7543861784768532
27.719814021053978,46.246972116694835,68.10819619339803,442.81330993415327,0.5970971286615041,0.7592592454572802
5.332508493334065,30.87556645411207,27.936559294849683,150.85684603854327,0.6371484376184626,0.2412014887523633
94.03514125381805,25.054781579162132,56.93138084114124,243.4843114229811,0.7183886011423946,0.759629800367872
93.70627248797014,32.000749873532385,24.02587459890747,1.8219980983843476,0.15370887358733443,0.405986280530647
53.24153197128694,43.579004643518815,94.63154273679505,429.9071406591013,0.6022146712317116,0.9018536623985718
64.23174116715352,37.74463022238787,86.0170156349167,152.95194445655812,0.839149795817487,0.7171256242738218
46.26000607108083,23.034296399828094,28.804279149746915,135.64844916418446,0.8648989791679655,0.6206510459528409
41.976536709875866,36.115614629811,52.88144909503397,498.76858460551733,0.8746571552026822,0.6799585447622343
11.944843592870036,34.04256144366779,50.06328571539057,292.196469372594,0.6166663034143496,0.46889950607610026
9.675289836109602,29.813367680634844,96.00232579500741,61.52162307049514,0.606629478499892,0.3382047285566449
23.273214667618745,23.3048178815997,39.4028780183854,132.7624849467855,0.541972053421835,0.39162772644776916
83.66407464065443,49.43335806860824,56.222755462156684,176.61329413315568,0.5860426873213515,0.8310791275919024
14.583230073567998,25.281299596797666,92.87065948874371,493.030023935327,0.5896943443065286,0.49104166941472294
22.66986519147107,25.782286723722365,16.281105117655812,215.31083895742898,0.13392661481735094,0.26856765990956755
54.861405932220755,24.367480763067075,55.048560327833805,115.06699414640454,0.1710970287467367,0.5792688461741469
21.51312180782744,37.10579116096814,10.567292036182963,284.86548370640855,0.5955332574113995,0.4332812156039608
16.32066847177871,33.31008723448101,61.749893181850055,202.3798290285052,0.35137314403078823,0.435170933750963
56.33162416979622,27.48671546079668,36.56832033870047,27.480194070935216,0.34114038800792057,0.4815507018539489
36.80932709966155,32.88270149064584,96.76360731796007,430.45980622716274,0.25475251145197586,0.6691482442734321
62.61592858404692,40.205655531851534,41.54091811485263,7.843763641651957,0.740855975547271,0.6006695108091484
91.22053404086763,28.451015944958904,13.618763754170683,449.2418178727383,0.8714628029765039,0.5887406069223443
15.099313143506766,47.45737328091141,83.39999609284041,395.9293518009011,0.6022064025573086,0.7004610111598704
91.34336598130639,29.190387115331177,82.08666914229141,37.91160507120556,0.8563359164851376,0.6005977304608829
90.24899674229187,25.945370924685598,69.48596195427844,361.8055389065269,0.8071073252083101,0.7959472468031483
82.90875833359028,48.63703540618444,74.8811801884228,385.47084106965946,0.27434158274642495,0.9173997347311651
63.12859173060852,44.31681830354538,26.471521768940686,301.15353671434224,0.2228207209414971,0.7642294905971535
62.01466574655474,30.294128745303965,64.20535004227813,288.83540007806164,0.2692694284228907,0.6817016236856874
63.92126599365015,45.24295553431628,3.801987120539363,24.843513123987027,0.1769675070924599,0.5005823733372321
69.04955512178131,35.564427474614,19.689014389003457,29.74818591139128,0.566303333589567,0.45791845017166993
1.6482200596157015,30.402574947831884,93.22794475530867,363.64432491784845,0.3261200342700503,0.3401527759983865
95.80925791606496,45.18834768617643,73.92352970826586,52.78258945945491,0.8303333558011439,0.7249626705353691
58.56037614655798,42.56495200593321,23.067254098925783,120.92205035323877,0.5907262185817886,0.5898796772887503
78.14658394024217,28.936245279293175,11.13830895192881,249.4182969116794,0.3876884446149851,0.532799814241417
37.728183906136316,38.200355457739214,94.89194448685015,82.08183680634079,0.8877125055715053,0.603755533957641
1.2397213915795957,31.081706705593916,11.218766606013276,394.9197802750128,0.8625555967134962,0.3319902649838006
50.973465987644396,20.031559176811644,25.70700480472482,403.6890118895443,0.7228921882473602,0.6695360484283386
50.719011931592895,48.854472242008384,18.263399299945714,421.071605630446,0.7333469403517079,0.8273411493625288
43.69892883114518,36.4888722821851,0.7463820411767963,24.78406038735248,0.8818161052195919,0.40342567115405054
33.971705416207676,37.952978049973495,31.4134774098044,213.9365806168122,0.5803649781119683,0.5272203438412806
24.982608780972203,37.996742770318846,97.41788715987626,423.4588363571679,0.8040158794654836,0.6205697284474394
52.754487449718276,36.519243824582084,34.190330580935644,181.60969515334946,0.15186217783999256,0.5687378797896082
37.52781396934941,28.701435343207805,50.43048794677737,347.91018916151125,0.5432500155634579,0.565930911019632
96.99318830498088,49.14728374724169,74.59357839217815,294.6229520950048,0.5020130715746597,0.9461495453488642
17.292730776693144,38.65005237545854,55.10801020792161,173.60430835358932,0.13017908977667922,0.3847871804672756
31.9665567627087,40.12764081661884,74.35915074123066,138.20241454521187,0.16956158825930645,0.5519366580648949
29.3960470924571,33.64378271951149,66.16358681905152,326.37154604970334,0.11747113921349853,0.5681928287232069
54.330917623595695,28.63584201472348,60.85630229990148,66.8120685014485,0.3352120035891571,0.5520042726301266
49.92802569741479,21.93046946524788,64.96489072117451,430.0612595438793,0.14280898361302113,0.7095600520333503
64.37404654242731,30.50690589703659,79.9164362078251,288.2217205403517,0.43852774780864123,0.6738447284784819
95.00017705742079,25.282922878051764,71.01913948011041,55.751752562919584,0.750197129098334,0.5805627345658703
28.522108549386736,39.86264804771035,79.17749207051915,351.7638225966818,0.5910638467491862,0.7051465494593263
69.27715692549965,46.37011654408158,14.559763828353134,215.5562749412095,0.6390319298373077,0.751785373526607
2.5040203005183614,29.08264574736957,67.76737327105403,102.04070768158785,0.12520534968770872,0.2805935383765614
26.238847273362452,29.9864787624214,73.70219123255332,480.53464646243305,0.7716210882046938,0.6501570626940545
46.371972799659275,40.11093511487035,29.99664324968345,359.8238925072128,0.2169523035063926,0.6796763116065344
3.099478848113446,24.47814302723709,87.45773278432823,296.4968116639981,0.34212070082598955,0.39601360456218093
61.76694605536389,47.88312280033097,30.471160330270042,424.4335905296808,0.5134351159467092,0.8014987464929972
67.83106084017082,30.915403430764492,24.38321193764973,271.9348949410763,0.8439947448105268,0.647133669858806
74.67317148380467,23.03598337780324,86.70968154805112,220.73530616645192,0.8985193346987702,0.7247613969928306
51.65745048430123,25.240520147619243,24.70198381164267,94.72342993035416,0.7261285468971279,0.5142805518519942
60.394466497862666,47.982382280223746,41.55024624318001,76.69521255908934,0.6834513789819754,0.6929302892809716
39.60652512784873,27.4135786510706,36.79228300368189,215.9846581859241,0.5221458645696254,0.554482862733418
4.125303250656254,39.86806411493859,89.80618225582724,227.9872895137579,0.6325018703993296,0.5099255480138135
9.995185577451304,24.684956706147954,45.52357382879643,366.6562526153636,0.215539340342683,0.4048746370523285
65.49959242014641,25.823050770463333,69.43089332962155,221.0425050184382,0.31535689645987947,0.6494076829032108
99.55552995857762,46.37714656699933,79.4038904643829,296.5796002827089,0.8877142907976676,0.9674896102103029
1.5803239163296179,24.440996603076854,62.79035807471762,416.25926203812304,0.8836920185164308,0.42756291666121243
55.758349682638276,20.562517602088374,94.36944983249147,496.6673477552709,0.35837791573025046,0.7346166610449197
75.10087528825579,35.036995685788284,80.2507529256008,161.26265757564124,0.29283885805724746,0.6341919182305739
82.67748280138787,45.88180439788804,40.020662767486314,450.9772318641844,0.2836144598539348,0.7924927098399563
54.52049012226401,29.77973136246874,95.08118432576832,403.02543592679945,0.4878915068033597,0.768321134362454
61.99159801841051,23.844868119371316,52.45748332713342,34.00334515977654,0.2790132638328845,0.5031181068631405
69.67249452745534,49.46692488696914,2.2577322944895895,167.07946542694563,0.6187973060405555,0.6985389368397994
85.89662496934307,40.3021588846824,26.00132796528968,109.52147991719168,0.1598558490831482,0.5351422833107822
12.228953720281865,45.52071895844469,62.17295870372666,332.192136211499,0.18294177793538138,0.5699245236227113
92.61821962748634,42.56414816986771,15.681490232443673,277.6495681088441,0.32154741994864044,0.7103720936553262
2.6017403551570006,40.947268219675706,58.406804489320365,247.42552629477683,0.7219545867027426,0.43477368070320604
83.61997509577753,31.536922013927608,36.15980223075298,381.78188190378876,0.35863163123360964,0.6197026236236354
7.674042655969727,29.730199796109183,53.4385480058274,166.6543479059917,0.47665342582708126,0.35021277080197105
19.462821160492226,41.508757876834224,0.18748478732528717,191.37614777663282,0.6252976368073452,0.4446467209417729
0.38941463811326127,41.501390245316905,84.84213546686983,432.8169741127246,0.730831937578379,0.4528730044663179
44.525670553604066,48.5176515214728,36.19254877755284,486.1042546300033,0.34568721697972216,0.8345322858501556
33.43592267173923,37.05979453544967,14.015843427795305,388.17867038391614,0.6847755289313777,0.550003371241767
16.599291148702733,28.838633173630207,43.791585700507994,108.53548738861313,0.3288539234810661,0.3092462575707013
45.10901608039063,34.68586397991432,48.61772934888341,56.32581608192366,0.6155729666932845,0.5401758876174138
40.23708831721839,38.41141450177757,63.74027104961889,104.60257388290101,0.4607041126357533,0.612039777246646
76.76610326987415,32.80189398730737,52.456244035227975,211.3806825114482,0.841302255480482,0.7034920966730986
89.31303060700324,43.73399370078644,4.352358206706263,118.34851387381912,0.8856747089769018,0.6493113160968131
65.25672517670819,37.53839636647513,87.15123220777647,450.5205740360059,0.7192984861522337,0.7645059129124684
12.441038872652388,20.283071828829517,45.65089317869613,335.3614508837201,0.8323714685147454,0.3951328889505544
29.539079470985065,37.095196646960254,7.698777253300893,208.36462239150705,0.2092033936193529,0.43531957473331306
91.33182968322798,39.00811357825583,77.28282365291851,136.9058664307804,0.6235711660383316,0.7422354133226542
8.873449300788916,47.457837546322125,66.01544187830683,190.33050257048217,0.25869435325792656,0.48031469045928205
40.68558393908265,32.411650209925654,64.94377727692218,238.02529768336512,0.3215748039779587,0.5893162832123516
94.25046192334813,37.23402977814075,42.691400173556104,356.9111760878643,0.5182585929725025,0.6949413216796477
95.06648414694857,34.249923521431214,41.04970626209884,44.670779114439455,0.6935898152351992,0.5085906979699114
41.120317704889246,35.94969285406656,53.63386363873428,424.41646989447287,0.6771952593563823,0.7010366510968029
66.73968880987974,22.019122120069895,5.0594412899103265,63.78001556509,0.7955674735656346,0.48811440413448126
45.6745598353999,46.918510025993044,29.895776421792085,131.22504098621894,0.5474198817012698,0.6700399661376363
75.34605394363417,47.31237019494877,98.78941735623735,496.79494788629194,0.8410741227116593,1.0
3.158133069299851,36.44178829527898,66.21924891280759,95.10431702212557,0.8103108765495945,0.2668932058331493
14.415714892135846,36.696665471628364,41.89341654173221,50.57109389317282,0.7792459915843923,0.33015836074783833
61.419880354359925,21.726681078318634,22.236310294045303,319.20265095939914,0.28361608624347945,0.5885853418705171
23.25522624430636,37.9385153935927,74.52093619002335,196.56453992561245,0.5251583945497573,0.5205293042265644
66.60522992691486,32.874553696374875,26.02903097061914,45.91771713425435,0.6889892776348616,0.5027743237901134
35.12229274612984,41.27130890703312,16.237010384629535,1.8712141745225175,0.8808820062756719,0.47459144412083243
88.66455581278214,21.41374749786717,15.451490023428727,39.5807881907389,0.10931781898968823,0.40845506096522627
81.92593855599864,41.32663048188469,72.92632791647324,261.36778938595336,0.36169162715607894,0.7704978506408547
49.28378000687822,28.606814714969417,64.28102542887174,115.44647256547114,0.3738802020686788,0.5714931650433921
77.28950870948577,39.55115991359324,6.980609937123061,388.77606715947496,0.33082765582548546,0.6244549608068621
27.113788623509038,38.81377925936369,11.504281536220251,428.7543165358715,0.7539394398103562,0.5565806764136118
49.42597768118626,26.805244538966974,63.38468673535771,72.41650885764716,0.13605714931472326,0.5351515500237939
19.748205186327816,33.213570356488006,57.1116101872159,168.50993536723507,0.3875478000067707,0.40947150245694314
86.08861685209939,45.06899777159974,68.59990603718134,73.28706273409874,0.6693476866208281,0.7265846478498678
82.30676165684149,38.167749307843216,17.803890836326197,143.3463517909736,0.4253917752855868,0.5579360260151929
90.21496684090012,22.062149059352343,72.6587906217167,119.60220937528565,0.2152508669537995,0.6227631355082147
87.74769812242594,33.28726493962489,93.60964673305497,393.4324504685933,0.58868197820727,0.7895217919254375
95.95962620594948,29.35314376333751,60.10503145354412,172.7398390070331,0.5180881891148951,0.6721096631437716
22.833623163192595,39.24937036734898,19.613001964278386,247.78239937208818,0.885471068892695,0.5181812160722276
93.18242907953154,38.43691823885783,67.95438552841065,336.94755273649076,0.6988209752969674,0.8337020697532336
57.12131913519977,20.311943045304215,34.30816835460644,411.12832457609335,0.8889407902765473,0.6907394155009293
42.24950839181522,38.23086528255389,4.928774638572142,150.6045451612259,0.24908211289280136,0.46735190276993865
56.0373895967873,42.04548961954811,30.233869535249845,104.61033385200957,0.7092760074223219,0.6771492128932656
34.260235665027786,43.06190097204726,90.5585101950132,489.2266868779338,0.5413105757599334,0.7767473663396253
28.85530069609521,21.769273111698833,41.11393201759752,160.07377232374847,0.670007599360974,0.4440788233501446
24.131433797752877,29.10975251329607,86.46653380310923,335.53404959043775,0.4740411700063115,0.53493640650431
8.242798945712682,32.63820681654572,50.86593435227916,338.9205203389021,0.2699126557703336,0.37394555889777137
49.656489714718745,25.393151233847355,51.69779889596,257.0147227997705,0.13658933077209962,0.6089848293050354
88.77616757138874,32.62201613495029,0.5216321064894336,114.22372274227848,0.770630605861356,0.5559253737553158
63.01519692743847,22.13388607476777,63.71040732889721,70.72871047708811,0.7518466788693274,0.6145953745855997
52.09756327557735,23.396518490211548,10.781384503042023,243.50807245721558,0.2300317870290691,0.5325793122959848
42.85929182509165,40.060842885302584,47.87484146820543,255.46476835568848,0.6161447196350724,0.6578328643799104
46.4401626317192,27.87717383480465,26.03168556580989,386.6833783873988,0.6901869604257291,0.6195598466869642
20.927734757195093,41.34217542438718,39.23829658293149,354.91672197609677,0.5460999963049525,0.5424735308616966
82.29358771930973,21.44325584050004,53.70773556668008,456.02063941793335,0.35378312247688426,0.6810793046212976
19.838296328152804,36.881091591305086,1.4464114601972833,485.4302809438158,0.8047567217486352,0.48057338390363086
71.6622756727313,31.743459907605207,28.45835832716228,363.92566309977036,0.6139525100331445,0.6357591661261536
75.99850114961527,43.909141757463956,98.9611934291865,38.2556244151267,0.6761740096110803,0.7805958246827751
57.486904202773424,43.51854740616686,5.739912582055961,202.5591546085513,0.6216916236018656,0.6432525598346075
86.29263749548285,31.266789273725244,31.939348815736835,304.40118492034145,0.6770309372680703,0.6353179408234756
29.105035245065004,38.68142042263143,32.14214749646482,295.09753572497874,0.21605371594755526,0.5820735857441912
88.16172212428633,26.826466064584643,37.938592093276256,90.72189291529908,0.8380755186490507,0.6050613419784394
72.94104595993042,37.41220508541261,68.47809184423454,291.4723647254357,0.3286486383668013,0.7322684664010565
79.87498277617607,22.437940818425673,24.77437986829646,174.84025394072205,0.7692409784239663,0.601376198843003
66.45797095273142,33.0381285235583,46.02693441360528,169.46342242185796,0.8147073632775313,0.6429439268742287
84.63430169899694,25.481830446143274,64.48635668524491,417.0035026506181,0.6209788853280329,0.7371111801799443
99.30988627176359,46.50143546274568,32.23220583285886,210.96657933411,0.5786406096709962,0.7234019198089449
42.01628545246386,33.347024539004956,94.87725805032547,263.6979770322263,0.18723856893726484,0.5641774909358035
81.39156837095703,37.723212459126046,97.96726349426812,281.4364305172394,0.44897698086370263,0.7434896990831745
74.45797595180336,30.811455809900313,11.967356768751113,281.4983899258081,0.5893155077185134,0.6735205703382602
45.2870165712018,28.662231057194084,34.38198844008101,106.56075689168604,0.1654954179862182,0.5247277957984433
92.6948999732512,26.087593491846008,20.79720698064753,299.7266815745036,0.18916960918203518,0.5998744027884841
39.44259295725947,47.35614748001059,18.678959555711515,167.31180447205978,0.8947850040857671,0.6481506096488231
56.546591627623755,43.98397347280858,49.09798383382795,327.5101472980848,0.3657873207700757,0.8067674013280973
10.594235699096155,23.99783433293093,56.38271081348789,72.84879948286354,0.3797859898329311,0.2795911338381758
22.57751940662662,42.40174628875395,42.56520405975992,497.05779731683475,0.3012233204799136,0.5846862616019686
84.06961705337606,32.5559233110996,27.255487309736072,386.0216457266978,0.6168158155954215,0.5869747597801693
39.65527228288474,20.461899648817095,27.862157425363964,208.62571674215374,0.4784607094454375,0.611491018773485
39.40840894152582,35.85101961128666,99.21281563407308,150.67592543214147,0.7323447658988034,0.6448651243271198
24.598101819062023,23.901393202545982,92.36773739902505,193.9010174089229,0.5099958654846295,0.496517733108989
49.16103342974544,26.29802939280784,7.589884098935718,360.60413638693745,0.11233278422697257,0.5480372162115943
80.58169613506224,40.88122884272279,65.65506519961257,327.7038997922826,0.48614991226143656,0.8297537938674426
89.51641177737396,27.71426111423588,45.68776074848443,351.04625600029374,0.14414983247581967,0.6649413731020265
7.011443204418388,46.7566460552545,68.88140971991619,444.49959772576966,0.7614291043851419,0.6138953614720477
57.48207312401155,39.7150927527251,59.696070554055346,228.14761315520465,0.19092646798776053,0.7097391302366586
46.727336789233455,44.96850454732427,88.92524000824174,334.76057422383235,0.27356321197265265,0.8339794845594848
61.42818504715783,38.45568614990552,6.698831428882501,220.75397747993415,0.4679721942358631,0.6146585299762896
44.727568690826914,46.06548773066048,34.95979120577055,319.04903905993825,0.25614724432033165,0.7735880357160528
39.864482085341514,30.850540250664505,98.54941257755847,237.41181848147357,0.5313759681576252,0.6507630232899296
47.188071242948936,36.47421730656739,18.22853489906168,388.33181366894655,0.46855873955736427,0.6397347632960091
58.19991287564142,35.47671201333001,12.733343950664722,2.6300616418665212,0.8620180887338311,0.5099721673828593
50.09832110317768,47.11372124233911,72.89720060005754,107.85547789489091,0.17069885065969093,0.6892588577696387
47.214445102064616,24.947462258258405,77.74351600174634,148.21881258162227,0.5613856386148404,0.6072848454435394
81.78353099580808,37.34182289560077,67.22735476746603,472.6972531255581,0.676319687715187,0.7757043848146251
74.56479912378578,42.632935826809415,77.61958287599253,253.52310648345895,0.20210160724468507,0.7646387331421755
34.13784941811928,31.10149281600981,69.37215720931722,182.1759399990706,0.6091697022059213,0.5395243614336257
80.05771175153204,46.02744573847929,13.577068228917677,202.15605780683592,0.791391243335861,0.7750316958004558
85.36506690045002,31.19044301233202,60.82218974785071,225.91114171626813,0.7300445147425249,0.6831843558435862
15.34922053741905,25.199262796877484,77.68766825595324,433.9151950569855,0.8481365523432464,0.48304624614475106
58.26824617307588,37.521450662150954,86.55166063244678,481.16793284006894,0.6764685573927559,0.78856594602126
28.531199359921377,32.617040301119374,24.623524268370765,422.08231987011527,0.41518946373785404,0.4891498451204464
73.91723219267226,20.455703140460137,12.743076093853855,420.82838170947423,0.8363611076726487,0.6587200644169307
23.878532935868325,22.095157774805095,78.10904435825796,99.5075554777306,0.2802854140918406,0.4246522236908755
67.14035241730318,25.8583154061977,25.654834503566537,134.33903588112767,0.5669618228200114,0.5585900114729376
25.51246560576339,43.07989878554457,3.192947832088733,298.02459027904956,0.7125263560757354,0.558076933070598
51.11437634299432,46.76118548101245,82.52135636493043,328.0687067206555,0.7978249335963833,0.9008071070257747
94.86464679161921,36.369226220426675,50.599113381086,101.35268672304065,0.8332337048751282,0.6007873379489715
38.13075384564345,23.166963875423704,32.66331324284219,373.1409363732587,0.1679805195858905,0.5262737445097684
87.57384859632077,36.03256856725538,1.1429105231549164,99.9817764597934,0.6808473355633561,0.49209667524326406
98.69445812038946,45.66816381790835,3.5327444707947686,131.5053232947071,0.26328343475281235,0.6335996951843408
87.48508488051633,42.48432887367769,79.26232705602946,153.3977689908053,0.7232955531894802,0.7851257320121552
16.586602972334287,28.732944910921248,48.97058849648644,422.99570824515854,0.6605517855468871,0.4987014242041914
81.96582195351631,23.716718278650735,14.972204929646015,366.0419484354416,0.24508188688024823,0.5910585768230272
3.214939510056125,47.02045099286729,35.85056272490181,265.3427178620907,0.7662641379356228,0.5487694436679791
39.33018836993079,45.62266239896633,16.53051475375229,409.8746490674476,0.4694310432148493,0.7150697921050719
87.07333733178638,21.611460954356772,11.288155318038662,406.46412366796176,0.535084921520835,0.6280408238286648
68.87522127599198,44.710234694736926,27.630782067414362,194.9165479743617,0.8771230028347734,0.767034575437285
53.27404273378781,22.916379133548183,54.95085474623974,390.71864374370995,0.6253004700154391,0.6952900872118125
38.78640250826205,21.89850900206111,21.00066078122269,103.12138600082876,0.570850516019822,0.3734510723130156
81.22969464702861,42.758026914387784,34.36710812847671,251.61442497775465,0.11341021789101413,0.6787617673015756
70.95584039482209,36.08931865774874,47.79308839564597,59.12086519433518,0.25937186807515167,0.5419110951661564
46.840531961567336,32.43644072270956,42.00297391831519,213.39724279562898,0.12125233683995021,0.5634358432328955
89.24843372096598,47.11586587928066,12.862779912128964,260.1828848835953,0.36664994057291966,0.74167780719167
22.994801781863238,45.17910716203261,3.8865635535888177,39.95917895803514,0.37560668242185913,0.34273726672066734
17.03915091586249,21.728704146411697,3.5458726948938923,231.30638086587496,0.5242640563134752,0.27387845247839826
64.28037643335816,38.482617258235166,35.01790180278673,325.8352714800665,0.6518147575940139,0.770020307040539
97.19943427017704,43.16802209622375,71.88020785373229,307.04411737236893,0.24347613751705055,0.8117931225060883
24.72565733067703,36.51471739324856,13.125529872927066,27.1769439455285,0.5813235366477939,0.2812503785746743
24.96703789338265,49.49016497228565,78.69801163644256,47.66984295410054,0.8335810196231256,0.6105188459547738
13.949884796218992,40.58142513942644,71.56743093138368,175.67812297757052,0.24800628492736632,0.4858121799021458
86.05635552736321,23.124290380910757,0.39434908856111894,421.3428614580528,0.6272704242122911,0.6399069713336627
22.639754041133408,25.948940359998602,2.674787298184511,434.8780265836812,0.13647131300152593,0.3481234518458538
50.31785267248878,44.78736863598386,19.503321553805165,154.806434853963,0.5249181074328994,0.7076993659904074
99.08724780022045,49.902700194329,5.612091105058504,359.44604262072824,0.6932314056846237,0.824196368080529
1.2140900922043563,22.95017800617169,53.13431052703059,288.69529617582157,0.12723342495211443,0.29499607052308857
55.64860905107941,23.009879535351452,3.9627261458415775,491.7111293797163,0.3669323129140275,0.5853149712109292
51.22890427049458,42.9016116242985,80.26458379953976,47.321956144845856,0.8023655883135915,0.6936404337364562
80.74473764101548,21.930628451496187,49.296206894581054,273.94037112012745,0.2803838366400309,0.613469372588964
35.528153955277695,22.056803481945423,72.79543666724776,296.2688244356269,0.6782996435165571,0.673814964378698
41.03413588990416,46.664494490289876,75.07025509358411,153.83428547555806,0.5897906191419958,0.7384363791939585
16.793798059886367,44.01349436955353,50.67639396702327,23.47662374573539,0.23095013276759593,0.3900171318180282
74.08152316357867,46.44689599593147,92.53628762534662,26.052267843913015,0.693366011185465,0.7479464595607945
78.47089091881483,39.515402063982606,99.0240773855308,226.80902710031907,0.5256647944257582,0.7804340917031538
13.666332077883025,29.676092658165754,35.921468601454585,346.2368947219596,0.18962064058102657,0.32059953806879854
39.345707398832175,47.189395709983735,12.586414024923354,350.08789290156375,0.859497122612216,0.7214916590021841
89.2904995362683,28.961705749232955,36.32381786478669,90.48492486091209,0.49356962331482734,0.5448683467306211
0.27072736757871585,28.26532518364548,22.33538970142701,428.98607050289314,0.6960646678424025,0.2751354932233879
29.87590706226323,46.59201257578314,53.10056670617501,188.58121298487245,0.2741602124205884,0.6275838621000367
55.50422850525477,40.42467777479624,37.83876012524014,482.1839509862089,0.20974656752348173,0.6725302315838994
33.409385965995334,46.87016254127728,48.04494142867909,59.07981721281841,0.693045420903935,0.5914032072282176
27.20451891776694,24.677038677619173,76.31875760760015,418.2273493177409,0.6390593428467056,0.6457349490413711
46.003748490321264,48.56890393296894,27.402097454185213,454.1690766227239,0.319286150163114,0.8094905097413586
18.152310810969375,38.38226470100982,53.74747246397254,411.3377630718657,0.6970267484125724,0.4871199956449002
52.96252409594838,40.04105132280283,33.51612493286884,404.420570599842,0.503993808814802,0.7559072748974659
70.66959213132259,47.42181740979355,78.49608641206613,180.65500770247252,0.37887780531792503,0.875795993288533
57.52949526285022,31.42258924083886,63.95366324076963,356.6715533604865,0.7295134539837284,0.826774944279668
9.31093308585309,41.58724984087587,0.8504730510610736,289.6732830056502,0.5934261980337664,0.4213115803812602
84.44086141655733,39.21021863373452,66.00513411052184,212.2395657156092,0.5058146927775973,0.6810377902786272
17.49778374874882,43.63258156597881,17.016200806658233,496.5558480268399,0.7184856774007705,0.55437985738092
76.48120006111286,46.90828375499922,72.44737902030393,145.22735907255995,0.5358626878448075,0.8429014685128241
36.05651107758504,40.40182566290284,56.73386668454581,206.57201109389206,0.850827546346871,0.6479807030534293
78.27613480561023,22.029186635091932,40.14826777231747,451.4305186690587,0.7544445542299819,0.7320157251825702
20.627290340534575,25.494210375493406,69.40664292072584,144.50413954813706,0.3865500581921576,0.3843314967450795
18.66621036954298,48.619345468012526,85.65932858687802,76.34057106426889,0.47193540043700677,0.5715125971739867
49.70258462174822,49.05951420131679,77.87437138620732,154.99987483474254,0.8658664549563108,0.7966252379826225
3.2936014698360494,49.022399410950875,54.53792765719076,379.6558385508955,0.8161635158351334,0.5653854402538419
22.529733878233337,21.103982012003538,72.26943202595297,429.927004851133,0.25294843010744916,0.5183245457885843
72.40122521843483,31.47344503848255,41.39145543927536,57.222493811180556,0.319443066258679,0.48680091286466975
83.73834783054255,42.79018111963988,78.90261215631287,310.8563405374133,0.3915364154895776,0.8019465961089705
8.078536393781043,42.586574109734926,82.90518916228181,283.6434527973715,0.8038792289151231,0.5621979483668109
88.20777094381043,22.577267148498755,13.729383687639874,334.3988927566825,0.8419338495162114,0.6698256308199857
79.75172040531791,38.28466661268557,23.803135959394627,335.528185563398,0.7418721926420794,0.7100268264105739
86.96842957069654,24.286088556225724,26.99887373491584,479.7337351332642,0.3205667568482097,0.6345076910339142
69.84285545788399,34.7962799860338,16.608171898209157,173.26460421336964,0.8096518453081852,0.5995743070747792
67.41530672939648,27.190571025233645,39.25350068974207,149.8834608678894,0.1263049007525588,0.5258582300917845
52.50932333448638,21.59483515204183,19.303321144961227,290.6126429109126,0.4382427847124145,0.6645351040502095
65.2787224491315,22.400582765798287,59.55393109266095,214.70922961933087,0.4021029058653901,0.6153352658151231
91.91096645666052,47.32678849189725,10.161544289761594,236.87713615628914,0.5281916847236591,0.8019874112702772
10.052200141670841,42.339378926046024,26.99191530267564,34.6384967522464,0.5485124457878631,0.3301683625266048
31.57644778460912,47.95471945318852,66.55206459463568,74.12108847679649,0.28032358947476715,0.585316332833027
7.245497359587183,34.09969797000658,39.85451231333492,467.68746829643095,0.263644562228605,0.34313058720054135
94.48051719440384,32.39877496858413,42.14627418534077,34.14572583506087,0.7428532734337242,0.5322754764126123
44.5265465999388,30.752218775062868,79.79252529583893,295.0727963403104,0.16095743827187486,0.6920678804128233
67.53444706761884,38.4892128815627,98.45115532909865,377.2875145089451,0.4946288350896364,0.8288221701868034
84.11200645043215,30.54678160914001,56.506778325421294,5.931764220413749,0.2533171252781432,0.4450186939278025
99.10002480764885,42.388197019460186,7.9067171463607755,111.37407396669241,0.35565378009678217,0.5862724275582061
16.178245779226575,44.039519786475864,10.290297422363592,188.5360154246934,0.32183553533760656,0.3474477615175375
79.95126057182287,46.27533780288143,96.8500722029416,253.40872353433426,0.6668177807577631,0.8806397498953539
88.74228981367364,27.28402790735832,67.92349127484715,170.7976473778302,0.46481648263563957,0.6813206677694129
4.887537685087562,35.810661478771266,75.24691183338193,324.499629074525,0.339553467556883,0.3775366189892876
75.40905601855734,26.703338501895164,67.57637576855414,113.19875862535633,0.7650815983841641,0.5807025699070764
35.47253211965503,21.126674702610234,17.96176016951533,12.7414682145095,0.16863611303264162,0.31396780158813614
64.85967914704321,41.23475912509513,44.8362160824762,0.7855254091270747,0.7130885163789122,0.6306534369917319
51.40481960388647,36.46943821805374,79.80804376193656,172.7560059748171,0.2986502063202383,0.6740301464421424
25.974225208663693,41.71781838659251,86.63629629420733,180.83139959712358,0.8344153781014261,0.5682477555836578
13.522136200398604,22.628687342196113,23.733551474637203,474.302058693272,0.10444726829563909,0.29910623685591076
11.694723308920828,49.86578537185826,59.59617908338206,22.39035626011815,0.5453306698874715,0.46420873471860574
10.33228577084917,49.83045700841096,15.710190273845337,265.0325300675905,0.5978119872220751,0.5006143134599452
63.77900401345777,33.94999476510538,95.82768731217516,288.90665713192317,0.5618402661175204,0.7528890535168705
35.14108513995381,45.981761455515084,25.22042889924876,349.63750594885977,0.75201223375921,0.7207804630132317
21.663343820587244,27.307056674166702,72.66351286038967,319.36730007033026,0.189731206467049,0.49216788868431494
69.1885092705903,42.12698483669891,23.111294422685436,4.069746861971424,0.43244480343406744,0.5887604152683727
68.68495657664668,46.376775704406974,61.60539428785417,315.92883670450584,0.7909894184159789,0.9140134150047797
53.91682923569977,44.43998798242336,65.92643070226565,161.19396984986605,0.8109882308231928,0.8243877600117815
93.49578168658509,44.35322234723472,32.84281034547527,386.43448067390096,0.49867552259101244,0.813774905701479
38.54142314414213,33.890798962665954,81.88338654260512,94.18269306784954,0.5463735150960639,0.5327135687053383
83.5862971269293,44.59969843336319,88.53708982474505,358.10282598858964,0.7111267523919205,0.8932752368105209
7.513940793219631,40.72114439063901,85.50699302539951,312.7476668445305,0.7236883154389132,0.5423197412000857
73.98310940385045,23.97354194432613,33.07982194647173,326.14544266373747,0.8104650396046887,0.7135042376851106
98.844741383193,23.425532121935603,74.4340259012654,87.97384354377714,0.7750859193464344,0.606210664207545
84.65982162878169,43.1576640780392,55.94907548692242,334.5870006662312,0.43153865029143545,0.8585782242020161
57.966471931005934,38.763922663187714,59.26283244920116,368.48920432095747,0.6198026611773253,0.7509076333589824
62.67660643271606,35.58128351574132,47.74250852584618,244.7051306189028,0.48658820628938726,0.6654974769062972
35.32895494369468,47.21785372546485,60.026114796887164,170.1828414937726,0.19436917313610538,0.6487760868043047
67.94852182581039,39.78771070613656,13.565415803574998,83.27742464408794,0.7573447360040502,0.5570002546450585
77.0395383181327,31.884402352649005,40.88472331174553,144.98026255537027,0.5814108237604054,0.6466238525297187
99.82284811178539,32.417954245285515,17.767176198794598,381.9141812262605,0.14640416304473006,0.584782241434839
49.2462917000433,38.15733082452755,28.010553097142576,204.70036227312787,0.641494623207178,0.6308163083575098
6.130406577344227,42.80825854059045,12.781453592213376,351.3566209966288,0.32648082871768147,0.38371226031944045
59.585795073098524,36.93059920847372,21.249560522202003,370.04566249924335,0.1554121669733446,0.6323566839267805
11.902414998216859,35.26282646657539,78.1929255787716,337.0851120621448,0.5852711317469157,0.4889209154897974
24.476504355611006,41.80702107962546,54.983646217767024,336.76921184147426,0.6857669233033948,0.6001892466184733
32.877991130573726,41.15793649721109,2.3643118512234995,305.40410216302575,0.5138274354571937,0.5553364902131644
73.10298731484106,44.91040521840683,78.85244838021156,259.21098935685677,0.10451861885607397,0.8315368613653518
18.380812387850053,21.87655358831883,90.94683959294906,98.90834343513488,0.5615061895540827,0.43156480677644055
16.575294684235253,42.64856396245936,88.04292757826376,421.4016934609251,0.10528726025436796,0.5792566600368394
4.496424249882747,35.4128135285507,82.30168828733217,482.1320862437977,0.8411266410376944,0.47286165795322094
87.32399363538809,22.240793600994557,99.22164428009368,233.24203280008317,0.31384412618004165,0.6760492489984347
69.35054243560607,40.370300845085595,58.6401955537933,466.6193779423279,0.7968052827976194,0.7961616551521958
3.994646561762649,41.49620582005828,96.25876285149049,498.9972688616417,0.10968743089349645,0.4479601557259962
2.829230563811458,35.708815086340536,94.88442325014275,243.0979562929103,0.17777320839373623,0.31239862317203265
55.86742964750561,43.813969329492885,31.32387305034393,362.17768687498403,0.46112664368212564,0.7512911171743165
28.2534401286711,29.007443258879043,86.34337560558708,321.8951691252613,0.7068859032421353,0.6455842572451266
59.67263504319288,26.057216555943086,79.24726655587772,118.63240800037362,0.8540493604005094,0.6503493245516554
43.46041756809653,30.522018552298356,77.57987774010856,23.54472187715939,0.5168758521347439,0.506688699693472
92.33125623102546,32.301515398879324,89.62807712919219,226.6776555872284,0.3843685709332769,0.6785907381600406
28.780901496136792,40.878008072065064,38.419000992030774,393.6024986981361,0.13564363193374485,0.6027809714622393
67.91453684388935,45.36559813634683,40.00549658873819,162.56733134484847,0.5669675773909694,0.7004417827748977
5.405431161859919,41.627545702360294,64.00523092036364,392.2193605965922,0.40403501159882704,0.49493020345175437
95.58605341889253,25.219626772088045,73.7804537814342,327.40084098147776,0.8273067877400327,0.7690150456070876
98.07574679083521,30.986512544007724,87.97371026576145,347.77067590879363,0.4840473782720006,0.7504425425800432
73.90746290164124,24.75241140343334,87.58453206592819,142.870444188695,0.7123575865038207,0.6738132336563389
46.52124715635731,40.60172598674154,72.13396243862599,235.02369142152347,0.7785684225719166,0.7718438409030616
21.999343932726134,27.445156346506824,95.68927778215227,90.85190001260857,0.17862208934220344,0.4062162064045699
81.25163402479647,35.7616079855554,17.862861894624228,123.2902640398632,0.4526770462049958,0.5202311333346796
73.63540971470222,43.75489529584053,95.03398471800863,44.92502154620759,0.8149739448098496,0.780510637925768
22.195403956094907,40.12817824764845,6.419148203362157,63.38670314810402,0.4395642386557532,0.3233280646759311
45.12152941572657,28.951219719953983,55.56218811919182,105.25673964791827,0.5521234215739084,0.4943093040782322
46.2798937816785,29.986002518490224,9.019695700812225,290.11710568791847,0.7984831578390782,0.6332802162309379
82.64105499727091,39.60092859809095,56.80009751981364,220.6055597738199,0.2860748693518341,0.7052866617663868
68.38446843340765,36.48403248019832,39.010971245571945,133.46975628278102,0.8156653302587707,0.6144553923220137
64.31675435400551,22.891804624101333,8.160943150238687,430.55622344884455,0.4176227369516923,0.5992769026332325
64.98274225632784,46.21974767820639,64.81168050241884,262.5738456709931,0.5744266629272521,0.7901718613977142
27.04700793824789,35.37839744160886,73.11979996228418,461.5547368178968,0.36243158565268263,0.5093118164157676
37.1711259829534,34.20083039592396,17.41854136199813,317.48248113878384,0.521695243007672,0.5944527478501119
4.566228543670614,25.95318009896787,69.44367193087689,7.89379826435832,0.139428642418002,0.16381080300114592
78.69411358121238,31.30981456911612,17.904754914773292,456.73784550784757,0.1522079801910107,0.6277608263108672
43.29982151698138,29.984745869452972,13.73964493152765,428.73166784041314,0.4317782095500684,0.523947407623277
43.82383570875735,28.122070484882805,14.736326652474574,317.6356113904496,0.36796153874686277,0.5397878674483295
24.53562649336267,37.0221972394032,59.907846895433494,267.386777865409,0.5926334482200866,0.5689196533799186
20.94272814594289,33.868260808408465,77.87908081266032,226.46303665929253,0.130328133635045,0.45355551361074553
58.782192956902925,46.67593055944002,59.68937014738136,241.08742288341583,0.23413493578951305,0.8178651004797836
23.255301520367578,48.24031931141482,80.9351453018245,384.6103204211749,0.26767351530063377,0.7156830760136066
6.420885156546441,26.584202876842724,59.14773410703692,256.5708011793429,0.4523934148238403,0.36590458089493366
76.75074159808983,23.003162863016314,79.73212473484867,88.01234935122032,0.29746780990316224,0.567518099590391
37.64694344063659,43.56012654463248,97.65225011333007,29.08878358649636,0.21013014864618454,0.5322490822572719
38.02355838993044,49.84584210915827,39.09598079682246,63.09313814325623,0.5780589390259503,0.679363458869073
43.131828151579136,45.908002095624624,14.994217692689471,125.72055441869307,0.6950975822425776,0.6758197175304579
81.50448234080937,20.71092206356204,13.539681170495765,183.86706071985333,0.6482144534377774,0.531625299376034
32.08368959398171,27.53790652119398,59.74775966565981,446.20800608760436,0.3209440761820169,0.5355849110889773
75.80362112578361,21.300268311237918,54.7103065855342,119.543616099834,0.7835558690935712,0.6001999615511269
93.95448407795432,44.62338131123499,18.423537854203076,159.7992790012674,0.5894577435419218,0.6885475617606958
66.08681959247994,37.44220928876949,88.21049626676735,111.50726976338693,0.5917333608059391,0.6606197602010784
43.16810811770247,35.411556235011616,95.67483684541884,272.8709093530667,0.27027876137316587,0.6815915909541981
74.77897231466648,36.633496459895824,25.321564310330167,308.5433481472434,0.29377030986892283,0.6471574484390313
45.78973697513855,27.573537760897736,20.6882930901067,266.06376594858034,0.4798001739504838,0.5812356354872116
41.44272711081408,38.049151074165884,21.392185230754723,475.9283256084701,0.2902568248324676,0.6722828293252516
52.528316357268324,20.9200093539209,38.742152969135944,497.68900882706214,0.6504621891883012,0.6719316581881007
31.77223348092938,39.38035171912519,85.32271752989463,418.69799490278166,0.3468436098046066,0.7146930917200386
10.42502162800012,42.03301490536492,59.59606099411179,402.6480724451511,0.22153292316907935,0.5440504821788266
41.48520055261652,40.19078791135482,6.755343173266992,183.02638837480427,0.22129108301877798,0.5315426835522089
12.385688112930193,29.963525549366608,47.29790851720672,289.8917530809992,0.20178222296892853,0.3310388311843472
41.044147355544666,44.78788745382628,9.033168302809258,175.73620947444257,0.4518000631730995,0.5980205921187576
55.69337212134503,41.46631991352446,40.62141140084401,392.17792308686967,0.10243202907809801,0.7071851054095187
93.07111812056468,23.848919687728337,40.352014230331704,85.915569545918,0.5338978306420247,0.536929576853234
3.622233104530359,25.85432661614945,64.83526657096456,108.33585714732152,0.33864233833564034,0.22112089137907961
62.145840650194415,39.11325239534716,54.9453966963101,19.347035435154424,0.5419830647681717,0.5976500526486319
45.77351866500773,28.682484006680784,87.4754782339086,304.4698366689962,0.8483403307532666,0.7847982145437127
2.0261128204139167,23.58298824338711,1.6275182665472343,344.2691293944785,0.795238088146787,0.33185892436936043
24.954817593872036,24.649069794496768,77.3998822094649,1.6811431156893986,0.5611438719507644,0.36557829008051757
11.848525235480157,24.96851541621202,2.265834095584174,255.3928819971253,0.4344562501109801,0.26911290885869305
21.679414573144474,34.333727204551465,30.428982847636597,188.43726924488695,0.6586901368660052,0.410854547195312
27.457024346091817,38.22156360288492,87.96631381795635,396.19039090938384,0.838511466099617,0.7216867280688656
40.13063353821963,25.29206824563245,69.04141716771217,19.445372999321698,0.49163765435163975,0.47457612843011543
52.903939348889025,41.37489831089663,17.19966783661433,24.28284440903927,0.1794461792682549,0.5149501147884883
0.09899939263861013,28.430378225045853,49.07845441119429,310.10454936293996,0.712870560339192,0.35695445042691887
16.18693606287408,29.346744151818825,72.19041809779858,295.81942728988196,0.10838332311550732,0.44161276403475674
9.356638560880072,26.704958632223228,93.73433213395293,415.5450114990051,0.7117107837125389,0.5064158264555494
54.96733992627437,43.55618407829573,63.43211992182037,296.13344457868055,0.16793328310925598,0.7940513009072362
32.90748704012698,48.79441498810631,2.4675411432927286,474.68541429575066,0.18529325949302955,0.6495395953944963
54.83977360347181,34.77499546034278,49.97018596962835,157.19232111721104,0.7253654960092208,0.6362507347570934
22.182330217467783,21.260919242959766,15.296163917082772,198.9607032024001,0.6516173639163243,0.39218432923420443
2.4229354087584865,27.817079492764275,4.777955047492133,488.8373332514583,0.5495225034693103,0.2976071235039204
94.13669012702468,24.741508733565382,59.85106346815843,53.76212168588906,0.7564681541681549,0.5481188018940691
10.830812118899402,45.28286854556053,77.69219025104245,397.95242659813977,0.7810948085950107,0.6092820556629036
12.685874796171682,22.545619622996156,3.60605554964043,5.784357330220146,0.4660098045250294,0.14474104820320957
14.65468265101405,48.994287220651515,78.35892709655195,243.25662470167615,0.89703894964363,0.6874144016294631
98.12765239932727,37.65541329873878,70.63878798115087,76.70116868433723,0.3860639517112858,0.5919240609402728
61.76602401699961,35.5321936122249,75.19868881683614,299.4308518640325,0.2372062132966386,0.7286646544926924
61.02899517038506,45.420518672575604,24.472837271570047,399.084984853914,0.7767811544959133,0.839751457226481
98.66982015185296,20.826428638743685,39.35954554934291,16.52115117534364,0.43245622364746417,0.5136842272779314
8.843876927465477,43.314582482210284,11.975082720721897,81.88636329587263,0.7995997209828914,0.3721402554980346
97.45008925422891,23.498121367055496,23.88909502344665,171.30519058095123,0.14893307559232324,0.48444477122378005
20.40131465540409,45.22334296821296,30.278967147743007,127.89948292783698,0.1888416892053133,0.4051540392271895
62.30715035620354,35.87528657713585,31.943663953678612,191.60994490312754,0.13221812897916996,0.5538372719717114
42.008356530279165,21.833882070802755,17.503988809681182,475.9341499087259,0.5816087682419281,0.5874479477845204
38.39518134771782,44.99735116403973,18.871179807114334,50.60306372012025,0.7654913448931997,0.5405797172799176
93.12433284794625,20.81942351213755,90.14703997921602,211.64105433288606,0.4221286268869374,0.6667277190051413
14.922772844025644,24.151120786808104,78.38936148156058,228.54568580379143,0.172556359736819,0.41192634198972733
99.70690110762436,43.93473571479887,34.44777034914374,140.17102591458135,0.39877506194476275,0.6815436504124683
37.912506109154855,33.94613371573673,94.76435394809607,139.25327884378487,0.3784369058717839,0.5061780791766913
64.87749038885543,46.441661130645016,23.89227127923239,357.3760808746603,0.6147775398112918,0.8791319595492366
96.79067314833601,39.06287818373251,40.68204534500507,308.9219213254913,0.6217213030370671,0.7432524807435537
5.760105037897478,38.70586263111224,81.35253114345706,406.41600986657653,0.18241897380108246,0.4894995562204155
92.28643629251906,28.767053183960446,44.288637020362664,202.53661123902612,0.43614142202042194,0.5942795972589711
56.78113853543433,24.010415706552006,23.462532290814597,303.35551348983654,0.6140116214550123,0.6726238979665217
70.43968789774523,48.83517172690048,36.85354676214884,446.79407034129224,0.30708896735202784,0.8372809854577621
14.918418388634835,23.143930674301856,50.07210723746815,425.66423585819274,0.42566422922278213,0.4665848045296237
53.338743083103225,35.87031800220703,62.064438366033734,460.0116962499795,0.5909559453160151,0.7311112489626292
67.35137147252436,28.177057725043408,40.560649958152325,134.48751126411247,0.4222965609959215,0.6044861226265598
45.62473073876818,27.924219907443643,43.13043311199743,492.71059226606013,0.12468877725245431,0.5679498795570066
15.498517810605673,37.83758657908439,26.39436128014252,408.1949577357083,0.2780927963436047,0.45210403433593327
24.41190750855766,43.93802351536607,53.53472984174117,397.4039030206516,0.720864731572419,0.6660826837079493
85.43927909934985,43.31538448493836,21.945623376954636,333.78930047932965,0.2988032630000246,0.7013503623131155
3.447099283276278,46.064050675806605,86.75262181080758,491.6339866860327,0.7541691568516913,0.6556292624469379
70.88620784408124,28.787082137371012,74.73670702663014,220.7816140232402,0.4735262605614591,0.7401326262102649
99.93900365145268,33.972541451452216,41.027898841418406,370.76965238120533,0.4783369097578224,0.6125448789587381
0.7482996106766615,20.280037196600748,74.72278470328477,349.40564399426074,0.7164129722651023,0.4222881474402806
16.10456828199399,42.40572869409097,0.6995941809373019,366.0444532235328,0.4066348104127161,0.4746201240009554
67.41443008931344,29.07029336426849,34.448922264239656,375.73240708462833,0.29078447372189675,0.6569213208671735
5.999083458534827,36.8448059981056,44.03011481467885,95.37794556060669,0.18402590137394653,0.2766012382214934
58.97899838558589,25.07900846058352,46.97985075456973,174.52573485120115,0.6375279009350144,0.6574194813845589
68.40001035610561,44.58198521402986,74.87314777103389,196.12699791295245,0.47595403183430673,0.8044493107393345
58.81463481140702,44.51816657834833,96.28074275617138,373.999906989981,0.7475255045601015,0.9699745465396703
36.51847030210672,46.32358744258866,37.999713044280305,358.1239878596522,0.46613976685944514,0.7525792923411265
69.72822959866389,21.378109913201683,35.059984952787474,416.6831026178596,0.4318485400918727,0.6483798909403261
59.42944280138205,49.773761293250416,61.051522658039616,394.2595789451681,0.33908166725978983,0.8787928277749582
20.763717209391974,27.433382433190836,28.12536141915789,298.0169396947054,0.25954229835228626,0.460013507847572
56.31355435851098,29.283010581420484,14.135033381518925,69.97424324372126,0.7643495557187717,0.4757990118621261
88.19072171389276,27.480071875713385,96.15408704921987,317.7276296161826,0.1761690967574131,0.7053247612919868
66.683328569045,28.025980950995972,80.9529956809022,443.52964181873955,0.8217021786813167,0.7749830611244861
47.17915073938471,36.579840683109396,95.84995530241278,321.5871816948656,0.1215273209898804,0.7241409315144242
32.15841028694511,27.194316329113388,21.783287868391664,447.8132142888708,0.5178018681857668,0.5119289726915794
8.588620943757286,31.813139342012143,1.7809214969670584,499.5265090684497,0.14666284972086743,0.2386167324907968
24.46271327590287,39.66819747329646,43.72615757381064,179.60111651176646,0.7236856970477064,0.5424332108785057
1.1186753086876888,45.080786107331804,93.36089629915813,361.6448471739255,0.2691972192472907,0.5070289710530801
98.66259175249644,40.782245008006385,13.832533887175892,269.97931630025266,0.5527380609892284,0.7488906761749493
22.248225212873997,37.8296853436197,11.718552283459838,227.4859003540828,0.8331568820727555,0.45953165526432715
81.48759426853726,24.43185687623206,6.895278424584205,119.93353934623057,0.6194071484899409,0.5428412793246412
16.86448818049786,44.48346804623848,76.50179989319747,122.95729799796551,0.24265597197913236,0.513101507301724
28.360114960557393,21.11824663979116,78.59265338335389,92.4861433799855,0.7373422150039206,0.5207253683817714
41.827731922836676,27.925749897059063,69.5376055663464,315.7417532494707,0.4531836854466794,0.6856056723293572
32.44056641416051,21.711767507958836,5.329184512233609,71.02654832155153,0.11054139067420535,0.302536422161104
79.83508127598611,40.02286926753388,72.32883358152039,215.69323490852537,0.4894119760862681,0.778121863502475
95.76934080154231,31.051132477805435,44.86288084616872,261.66661963609704,0.7499877418106723,0.7581402522961266
87.52944836508485,39.561454496146,15.789442193660497,219.1172385944849,0.44396610466689046,0.6228054587665928
15.357786694775655,30.410928779107707,29.51260104846021,427.4647567369583,0.7067424403839939,0.4573626874994423
77.66886763492903,33.67222192398482,50.1146839932961,221.58467989693014,0.6644207076275241,0.6579728755061648
14.794691330471144,33.73883030498543,32.96514722696811,41.4160464821513,0.46552985387062784,0.25471794402048453
91.33811065621013,21.36741961002634,96.97492267415923,496.09977058632364,0.3586260680203579,0.7371273635293317
51.787857566857845,32.90679579038011,47.47417417071993,422.49179553010634,0.681232001249725,0.6424049901237602
33.638108805670676,39.23193089345608,37.215051025214365,330.02174270299986,0.39513473419069234,0.5951785994449766
15.70254973341928,36.381567382263015,67.31654289680367,378.16181040430376,0.23606968538292136,0.5081508852181635
1.1809088179004612,22.258512988348617,65.05450568559148,64.09534987742205,0.3566904492223836,0.1856866393615832
24.794699166088474,40.04167957060247,0.24392804052674188,382.95739705158735,0.8014713543424387,0.5490181822396967
91.4020063281312,29.26588264745783,61.84736983007429,103.87447085604757,0.3267112897099085,0.5733928695714556
79.72621922722276,20.433044083370664,24.37689747690337,244.48806478698788,0.2879684278757889,0.5817508528224716
96.97937077507194,24.667866712527356,37.52336415879216,88.99139466214179,0.20673605658444974,0.5275319714561091
10.076152112137304,34.92678971949678,70.63488907348443,376.8924821660959,0.14414227565417922,0.43781865567009026
59.217874350566944,29.31204977090206,55.73862210106958,122.96694025622345,0.8813538833597052,0.6372396770822326
25.715047403077662,40.83149041260653,36.86551441550969,126.60420924584636,0.5294214618084884,0.4947033352802035
54.29417057724074,27.219604266972933,16.741035183712405,54.61117467014953,0.683715568496558,0.4922613971868737
32.04548855634551,43.18388505425506,50.54821872477532,360.30322848193583,0.7183787574949642,0.6507126921532653
28.34655502433575,28.594315441819397,31.93660235072032,147.92231539043894,0.381853595776378,0.3837636248885784
57.38453020245975,38.62591122753247,91.29278084080751,259.14000660098367,0.7391247281289769,0.7408858875639238
18.33181618695403,43.976491407535406,53.43466402890507,166.12177868351964,0.8691873955360391,0.5655867972588899
46.91334369721169,31.566683859312466,86.59639941704125,387.35062941111664,0.6934094801924273,0.7746203490785134
65.08122650440347,21.404148254464115,39.018102848351134,113.24182824700063,0.6693865013302231,0.5938432124023391
12.818207318280406,36.06336563176643,82.74371637879605,470.41725002319583,0.4457870292656161,0.513157203554971
93.05942708769041,49.862271846335005,5.653690217207863,160.66998744485383,0.7730561006470359,0.7722209826846833
50.57246994541248,49.0697559913074,29.811902556801495,51.92581064537533,0.17106990009867973,0.5979201608035292
81.95279718843422,26.630665818325046,7.817593304469939,120.15261640746621,0.6997469697935588,0.5115074210430525
65.39054306210633,42.67089528272757,3.165018071487391,36.9704645335876,0.3895948337142857,0.4793719927166469
71.00009412225455,30.34855495460198,91.88622453231189,234.3693654962124,0.5527791326382331,0.7007742685437882
71.6130940992838,24.808174405492743,71.68687443996798,125.12561036173447,0.8143710159176217,0.6977546168191745
87.50998970614727,39.9774410180748,62.51100644684706,443.02302222243816,0.5840156479635802,0.8247726975958345
61.36054350469241,35.02606188580307,53.249280941183294,258.56431011007317,0.12046522428997292,0.6544811849387049
27.821715172138962,36.17691672967032,56.9554036216842,116.68422436464316,0.678083876418477,0.45738487475149203
9.950964286545716,44.82177986706525,63.86903813864535,225.63516495247072,0.8432196049629115,0.5253058216745543
60.625061945014146,30.09631027662269,82.65797947401032,97.99713607021215,0.6136095562484474,0.6323032101851858
6.6352803770581055,40.01284278666989,59.68885557955282,89.36468796245921,0.789136061967659,0.3970118104664081
24.12934516895302,30.985744008878758,74.85807631108824,150.328235066722,0.7602366042735474,0.497802937748908
6.070718460191172,21.281716897412874,28.097805182973488,54.15073238447338,0.78903382638717,0.1626115611589092
54.88875890065671,31.340453220090467,97.67617378164721,94.32376845544532,0.3752803221538199,0.6035488714324873
16.033812494286803,48.50103389612404,3.1897208437028923,469.0234364977109,0.47933082168694496,0.4887644357303085
61.040731943347325,34.49787446265251,38.657659527731546,333.40131734873097,0.7784268040237853,0.7244513070100554
79.08651308632676,23.246913105106046,88.2049551503704,460.5513317286328,0.8283188599451642,0.762041653552515
82.18807207718623,40.634804881286776,18.052296268619017,128.4234707338919,0.21747319940779716,0.5296481123552707
30.954350813762744,48.90138049155564,14.133809293365795,428.5066679004619,0.24522590367318717,0.6775935982580935
54.895453269449604,47.238357396327714,36.54307668999135,181.13640342699193,0.3774636800439475,0.7569816728160123
56.301076008635896,37.15882513424416,42.81947005168275,72.09749056124282,0.7162382625434864,0.5857316303044308
47.28871821541666,31.288422330455937,93.33940606617277,402.3535500020984,0.7999849258063159,0.8267707585030797
65.51138914247649,37.42033005527721,83.6119534708821,29.82506593137507,0.5641921131226763,0.6276236510912258
21.008712382353355,44.47793186597748,46.40896376905141,202.42641946748313,0.1906145403145848,0.49511391106843766
97.92432395867942,45.83712026055363,97.2975100881603,409.65733425582175,0.34299858397373284,0.8943709112293032
9.807982709093244,44.56531654827324,64.22784041590643,308.59246272325464,0.7856184051821054,0.586600153936771
